"",id,best_precision,mean_precision,best_recall,mean_recall,best_f1,mean_f1,annotator_0_precision,annotator_0_recall,annotator_0_f1,annotator_0_tp,annotator_0_fp,annotator_0_fn,annotator_1_precision,annotator_1_recall,annotator_1_f1,annotator_1_tp,annotator_1_fp,annotator_1_fn,annotator_2_precision,annotator_2_recall,annotator_2_f1,annotator_2_tp,annotator_2_fp,annotator_2_fn,annotator_3_precision,annotator_3_recall,annotator_3_f1,annotator_3_tp,annotator_3_fp,annotator_3_fn,annotator_4_precision,annotator_4_recall,annotator_4_f1,annotator_4_tp,annotator_4_fp,annotator_4_fn,annotator_5_precision,annotator_5_recall,annotator_5_f1,annotator_5_tp,annotator_5_fp,annotator_5_fn,annotator_6_precision,annotator_6_recall,annotator_6_f1,annotator_6_tp,annotator_6_fp,annotator_6_fn,annotator_7_precision,annotator_7_recall,annotator_7_f1,annotator_7_tp,annotator_7_fp,annotator_7_fn
0,250087,0.9305084745762712,0.8935593220338983,0.21312837557125053,0.17681385921398673,0.34234234234234234,0.2942492138397304,0.923728813559322,0.14111859140341793,0.24483378256963167,545,45,3317,0.8694915254237288,0.21312837557125053,0.34234234234234234,513,77,1894,0.8423728813559322,0.17974683544303796,0.296274217585693,497,93,2268,0.9016949152542373,0.16840772396327952,0.28380901573753,532,58,2627,0.9305084745762712,0.1816677696889477,0.30398671096345514,549.0,41.0,2473,,,,,,,,,,,,,,,,,,
1,259060,0.5292740046838408,0.4355971896955504,0.21431179262504563,0.19131231132640233,0.2920398009950249,0.2613066438363577,0.39266198282591724,0.2139515099957465,0.27698237885462557,503,778,1848,0.4137392661982826,0.18867924528301888,0.25916870415647925,530,751,2279,0.3840749414519906,0.21307925508878303,0.2740947075208914,492,789,1817,0.45823575331772054,0.21431179262504563,0.2920398009950249,587,694,2152,0.5292740046838408,0.1265397536394177,0.20424762765476726,678.0,603.0,4680,,,,,,,,,,,,,,,,,,
2,140006,0.8988603988603988,0.5434472934472935,0.18753447324875896,0.13906167519983592,0.27037773359840955,0.21582246018675424,0.44871794871794873,0.14692164179104478,0.2213633169360506,315,387,1829,0.4544159544159544,0.1633384536610343,0.24030131826742,319,383,1634,0.4843304843304843,0.18753447324875896,0.27037773359840955,340,362,1473,0.6324786324786325,0.10652591170825336,0.18234086242299793,444,258,3724,0.8988603988603988,0.12597324815332403,0.22097706181054108,631.0,71.0,4378,0.3418803418803419,0.10407632263660017,0.1595744680851064,240.0,462.0,2066,,,,,,,,,,,,
3,106047,0.8,0.48347826086956525,0.10279329608938548,0.056505235226495,0.1821782178217822,0.10022973684570673,0.3739130434782609,0.02579484103179364,0.04826038159371492,43,72,1624,0.3391304347826087,0.054929577464788736,0.09454545454545454,39,76,671,0.28695652173913044,0.049253731343283584,0.0840764331210191,33,82,637,0.8,0.10279329608938548,0.1821782178217822,92,23,803,0.6173913043478261,0.049754730203223546,0.09208819714656291,71.0,44.0,1356,,,,,,,,,,,,,,,,,,
4,279005,1.0,0.997979797979798,0.04920477137176938,0.04449747557772914,0.09379441023211747,0.08516397009181954,1.0,0.04920477137176938,0.09379441023211747,99,0,1913,0.98989898989899,0.04416403785488959,0.08455565142364108,98,1,2121,1.0,0.047872340425531915,0.09137055837563451,99,0,1969,1.0,0.04437471985656656,0.0849785407725322,99,0,2132,1.0,0.03687150837988827,0.07112068965517242,99.0,0.0,2586,,,,,,,,,,,,,,,,,,
5,5096,0.0,0.0,0.0,0.0,0.0,0.0,0.0,0.0,0.0,0,0,4255,0.0,0.0,0.0,0,0,3942,0.0,0.0,0.0,0,0,3863,0.0,0.0,0.0,0,0,4295,0.0,0.0,0.0,0.0,0.0,2943,,,,,,,,,,,,,,,,,,
6,246009,0.9736842105263158,0.7309941520467836,0.05586152635719906,0.04803038524667184,0.10252707581227437,0.08972857734388823,0.6228070175438597,0.05586152635719906,0.10252707581227437,71,43,1200,0.631578947368421,0.05164992826398852,0.09549071618037136,72,42,1322,0.7631578947368421,0.04635055940330314,0.0873932697137117,87,27,1790,0.6228070175438597,0.05067808708065667,0.09372937293729372,71,43,1330,0.7719298245614035,0.04700854700854701,0.08862034239677744,88.0,26.0,1784,0.9736842105263158,0.03663366336633663,0.07061068702290077,111.0,3.0,2919,,,,,,,,,,,,
7,48017,0.10062160062160062,0.04786324786324786,0.13021618903971846,0.08317536248398431,0.11352180582949815,0.05931551978349581,0.029526029526029528,0.08397790055248619,0.04369071572290888,76,2498,829,0.027972027972027972,0.07708779443254818,0.04104903078677309,72,2502,862,0.10062160062160062,0.13021618903971846,0.11352180582949815,259,2315,1730,0.041181041181041184,0.06397103198551599,0.05010635783502718,106,2468,1551,0.040015540015540016,0.06062389640965274,0.04820968874327171,103.0,2471.0,1596,,,,,,,,,,,,,,,,,,
8,10081,1.0,1.0,0.001549186676994578,0.0010718091342558221,0.0030935808197989174,0.0021411309755167184,1.0,0.0007465472191116088,0.0014919806042521446,2,0,2677,1.0,0.001218769043266301,0.002434570906877663,2,0,1639,1.0,0.001549186676994578,0.0030935808197989174,2,0,1289,1.0,0.0011248593925759281,0.0022471910112359553,2,0,1776,1.0,0.0007196833393306944,0.001438331535418914,2.0,0.0,2777,,,,,,,,,,,,,,,,,,
9,36046,0.6666666666666666,0.5,0.0025850926324859974,0.001764551350945062,0.005150214592274678,0.003516370242096453,0.5555555555555556,0.002270663033605813,0.004522840343735866,5,4,2197,0.6666666666666666,0.0025850926324859974,0.005150214592274678,6,3,2315,0.3333333333333333,0.0013256738842244808,0.002640845070422535,3,6,2260,0.3333333333333333,0.0012908777969018934,0.002571795970852979,3,6,2321,0.6666666666666666,0.0017798872738059924,0.0035502958579881664,6.0,3.0,3365,0.4444444444444444,0.0013351134846461949,0.0026622296173044926,4.0,5.0,2992,,,,,,,,,,,,
10,372019,0.6616915422885572,0.5686567164179105,0.1596931659693166,0.13049836190340156,0.2494553376906318,0.21157977301223632,0.5696517412935324,0.1596931659693166,0.2494553376906318,229,173,1205,0.6592039800995025,0.13112320633349828,0.21873710276516717,265,137,1756,0.5796019900497512,0.14215985356924954,0.22831945124938757,233,169,1406,0.6616915422885572,0.12715105162523901,0.2133119486768244,266,136,1826,0.373134328358209,0.09236453201970443,0.14807502467917075,150.0,252.0,1474,,,,,,,,,,,,,,,,,,
11,189013,1.0,0.9661764705882353,0.04338394793926247,0.04095704854266209,0.08270158511371467,0.07855946117224842,0.9779411764705882,0.0415625,0.07973621103117506,133,3,3067,0.9852941176470589,0.04072948328267477,0.07822533566841797,134,2,3156,1.0,0.0374037403740374,0.0721102863202545,136,0,3500,0.8823529411764706,0.04338394793926247,0.08270158511371467,120,16,2646,0.9852941176470589,0.041705571117335825,0.08002388772767992,134.0,2.0,3079,,,,,,,,,,,,,,,,,,
12,250047,0.8791162984576907,0.2922050854522718,0.3201761044481555,0.24137415687132005,0.46939683952815486,0.22922885491159622,0.12088370154230929,0.21561338289962825,0.15491452991452992,290,2109,1055,0.09712380158399334,0.2104787714543812,0.13291500285225327,233,2166,874,0.08920383493122135,0.20557156580211336,0.1244186046511628,214,2185,827,0.8791162984576907,0.3201761044481555,0.46939683952815486,2109,290,4478,0.2746977907461442,0.255030959752322,0.26449929761188035,659.0,1740.0,1925,,,,,,,,,,,,,,,,,,
13,183066,0.7288135593220338,0.6050847457627118,0.06339285714285714,0.04141897616987982,0.1147011308562197,0.07712323863135083,0.7288135593220338,0.04689203925845147,0.08811475409836066,86,32,1748,0.4152542372881356,0.028112449799196786,0.052659860290166574,49,69,1694,0.711864406779661,0.045064377682403435,0.08476286579212917,84,34,1780,0.6016949152542372,0.06339285714285714,0.1147011308562197,71,47,1049,0.5677966101694916,0.0236331569664903,0.04537758211987809,67.0,51.0,2768,,,,,,,,,,,,,,,,,,
14,108069,0.2427536231884058,0.19818840579710145,0.2693467336683417,0.24542159554690218,0.2553596950929014,0.2185845524649898,0.18297101449275363,0.26098191214470284,0.21512247071352503,202,902,572,0.1793478260869565,0.2558139534883721,0.2108626198083067,198,906,576,0.16394927536231885,0.18602261048304214,0.17428984111699566,181,923,792,0.22192028985507245,0.25494276795005205,0.23728813559322035,245,859,716,0.2427536231884058,0.2693467336683417,0.2553596950929014,268.0,836.0,727,,,,,,,,,,,,,,,,,,
15,253016,0.8456260720411664,0.737221269296741,0.12224150756260849,0.08883451078336785,0.21360485268630852,0.15808704149754624,0.6775300171526587,0.07516650808753568,0.13532031517643028,395,188,4860,0.6912521440823327,0.09462315097440714,0.16646014043783564,403,180,3856,0.7650085763293311,0.06571386474141741,0.12103120759837177,446,137,6341,0.8456260720411664,0.12224150756260849,0.21360485268630852,493,90,3540,0.7066895368782161,0.08642752255087056,0.15401869158878503,412.0,171.0,4355,,,,,,,,,,,,,,,,,,
16,104055,0.0,0.0,0.0,0.0,0.0,0.0,0.0,0.0,0.0,0,0,2297,0.0,0.0,0.0,0,0,2215,0.0,0.0,0.0,0,0,2153,0.0,0.0,0.0,0,0,2587,0.0,0.0,0.0,0.0,0.0,1978,0.0,0.0,0.0,0.0,0.0,2184,,,,,,,,,,,,
17,70011,0.0,0.0,0.0,0.0,0.0,0.0,0.0,0.0,0.0,0,0,781,0.0,0.0,0.0,0,0,6625,0.0,0.0,0.0,0,0,801,0.0,0.0,0.0,0,0,769,0.0,0.0,0.0,0.0,0.0,832,0.0,0.0,0.0,0.0,0.0,813,,,,,,,,,,,,
18,296028,0.9417322834645669,0.6988976377952756,0.22472754603532508,0.1713353411307935,0.3628640776699029,0.2744036745456066,0.6377952755905512,0.17146486028789162,0.2702702702702703,405,230,1957,0.6425196850393701,0.11761314499855867,0.19883040935672514,408,227,3061,0.6220472440944882,0.16109298531810767,0.2559118885649498,395,240,2057,0.6503937007874016,0.1817781690140845,0.28414172686618505,413,222,1859,0.9417322834645669,0.22472754603532508,0.3628640776699029,598.0,37.0,2063,,,,,,,,,,,,,,,,,,
19,35028,0.0,0.0,0.0,0.0,0.0,0.0,0.0,0.0,0.0,0,0,2714,0.0,0.0,0.0,0,0,3423,0.0,0.0,0.0,0,0,3214,0.0,0.0,0.0,0,0,2372,0.0,0.0,0.0,0.0,0.0,2463,,,,,,,,,,,,,,,,,,
20,228076,0.6629834254143646,0.4662983425414365,0.10695187165775401,0.07541637669404287,0.1841903300076746,0.12946192940422133,0.40331491712707185,0.08563049853372434,0.14126753749395257,146,216,1559,0.3756906077348066,0.04890327220424308,0.08654152083996182,136,226,2645,0.39226519337016574,0.05850844664194479,0.10182861240588024,142,220,2285,0.4972375690607735,0.07708779443254818,0.1334816462736374,180,182,2155,0.6629834254143646,0.10695187165775401,0.1841903300076746,240.0,122.0,2004,,,,,,,,,,,,,,,,,,
21,217090,0.8682042833607908,0.29686985172981883,0.14021551150725023,0.09273476010801848,0.2414385522849616,0.13307371441206653,0.1927512355848435,0.0936374549819928,0.12604363048747644,234,980,2265,0.1416803953871499,0.07951918631530282,0.10186556114894876,172,1042,1991,0.13673805601317957,0.07287093942054433,0.09507445589919816,166,1048,2112,0.14497528830313014,0.0774307083150022,0.10094637223974763,176,1038,2097,0.8682042833607908,0.14021551150725023,0.2414385522849616,1054.0,160.0,6463,,,,,,,,,,,,,,,,,,
22,225022,0.3625632377740304,0.32478920741989886,0.0792659117532214,0.0689794421063694,0.12872542802790107,0.11342966753260741,0.342327150084317,0.07789716039907905,0.12691466083150985,203,390,2403,0.25295109612141653,0.05239259517988124,0.08680555555555555,150,443,2713,0.3625632377740304,0.057165647434193036,0.09875976113918236,215,378,3546,0.32377740303541314,0.0781758957654723,0.12594293210888816,192,401,2264,0.342327150084317,0.0792659117532214,0.12872542802790107,203.0,390.0,2358,,,,,,,,,,,,,,,,,,
23,175083,0.5404699738903395,0.21888598781549173,0.07590759075907591,0.030976568201290217,0.13311897106109324,0.05389613014055302,0.3524804177545692,0.03352371492426124,0.061224489795918366,135,248,3892,0.12532637075718014,0.02511773940345369,0.041848299912816043,48,335,1863,0.5404699738903395,0.07590759075907591,0.13311897106109324,207,176,2520,0.10182767624020887,0.02127659574468085,0.035198555956678694,39,344,1794,0.08616187989556136,0.013360323886639677,0.0231335436382755,33.0,350.0,2437,0.10704960835509138,0.01667344448962993,0.028852920478536243,41.0,342.0,2418,,,,,,,,,,,,
24,189006,0.9576271186440678,0.9169491525423729,0.0782350760103819,0.0665501810967741,0.14387998636208657,0.12396700427492553,0.9322033898305084,0.0632729364394593,0.1185025585779693,220,16,3257,0.8940677966101694,0.0782350760103819,0.14387998636208657,211,25,2486,0.8983050847457628,0.07111707480711171,0.13179981349082998,212,24,2769,0.9576271186440678,0.06449771689497717,0.12085561497326204,226,10,3278,0.902542372881356,0.055628101331940454,0.1047970479704797,213.0,23.0,3616,,,,,,,,,,,,,,,,,,
25,257098,1.0,0.9417040358744394,0.12893815635939324,0.09927952862274544,0.22818791946308722,0.17800727673906228,0.9327354260089686,0.04415198471662068,0.08431293068504257,208,15,4503,0.9910313901345291,0.12893815635939324,0.22818791946308722,221,2,1493,1.0,0.12598870056497175,0.22378324134470645,223,0,1547,0.8609865470852018,0.11728772144166158,0.20645161290322583,192,31,1445,0.9237668161434978,0.08003108003108003,0.14730067929924923,206.0,17.0,2368,,,,,,,,,,,,,,,,,,
26,393035,0.7085514834205934,0.6335078534031414,0.12341657618530583,0.10757804107881369,0.20443645083932854,0.1827040004047905,0.7085514834205934,0.0899822695035461,0.15968534906588003,406,167,4106,0.5951134380453752,0.12341657618530583,0.20443645083932854,341,232,2422,0.6579406631762653,0.08069349315068493,0.14375595805529073,377,196,4295,0.6736474694589878,0.11797066014669927,0.20078023407022108,386,187,2886,0.5165794066317626,0.12196126905644829,0.19733333333333333,296.0,277.0,2131,0.6492146596858639,0.11144397843019772,0.19023267706468935,372.0,201.0,2966,,,,,,,,,,,,
27,80085,0.7129337539432177,0.619348054679285,0.09452296819787986,0.07565339700732703,0.1658271987601705,0.13456226954962658,0.6182965299684543,0.07060518731988473,0.1267377950210152,196,121,2580,0.580441640378549,0.061068702290076333,0.1105105105105105,184,133,2829,0.6750788643533123,0.09452296819787986,0.1658271987601705,214,103,2050,0.5930599369085173,0.06283422459893048,0.11362949531580538,188,129,2804,0.7129337539432177,0.08200290275761973,0.1470875366091767,226.0,91.0,2530,0.5362776025236593,0.08288639687957094,0.14358108108108109,170.0,147.0,1881,,,,,,,,,,,,
28,317043,0.8894009216589862,0.7806451612903227,0.12866666666666668,0.09554419603672337,0.22481071636575423,0.1698709164789983,0.8617511520737328,0.09609455292908531,0.1729079981507166,187,30,1759,0.7373271889400922,0.10256410256410256,0.18007878446820483,160,57,1400,0.8894009216589862,0.12866666666666668,0.22481071636575423,193,24,1307,0.8663594470046083,0.1007502679528403,0.18050888142102736,188,29,1678,0.5483870967741935,0.04964539007092199,0.09104820198928845,119.0,98.0,2278,,,,,,,,,,,,,,,,,,
29,64061,1.0,0.67,0.00547645125958379,0.004066169275312557,0.010893246187363835,0.008081662112769266,1.0,0.004892367906066536,0.00973709834469328,20,0,4068,0.1,0.0008103727714748784,0.0016077170418006433,2,18,2466,0.6,0.004324324324324324,0.00858676207513417,12,8,2763,0.65,0.004827330115113257,0.009583486914854404,13,7,2680,1.0,0.00547645125958379,0.010893246187363835,20.0,0.0,3632,,,,,,,,,,,,,,,,,,
30,128035,0.9705882352941176,0.926470588235294,0.03344312135799341,0.029045926578720793,0.06465833945628213,0.056298573464729086,0.9485294117647058,0.02916572462129776,0.0565913577538934,129,7,4294,0.9705882352941176,0.03344312135799341,0.06465833945628213,132,4,3815,0.9485294117647058,0.03065589353612167,0.05939226519337017,129,7,4079,0.9338235294117647,0.03253907250832693,0.06288685318148057,127,9,3776,0.8308823529411765,0.01942582086986419,0.037964051738619185,113.0,23.0,5704,,,,,,,,,,,,,,,,,,
31,107014,0.0,0.0,0.0,0.0,0.0,0.0,0.0,0.0,0.0,0,0,2602,0.0,0.0,0.0,0,0,2985,0.0,0.0,0.0,0,0,2488,0.0,0.0,0.0,0,0,3722,0.0,0.0,0.0,0.0,0.0,3626,,,,,,,,,,,,,,,,,,
32,28083,1.0,0.989821882951654,0.0801223241590214,0.05282777085793127,0.14835787089467722,0.09994529843498146,1.0,0.04627340162486754,0.08845374746792707,131,0,2700,0.9389312977099237,0.042604780048493246,0.08151093439363817,123,8,2764,1.0,0.0801223241590214,0.14835787089467722,131,0,1504,1.0,0.044226873733963536,0.08470740381506628,131,0,2831,1.0,0.03859752504419564,0.07432624113475178,131.0,0.0,3263,1.0,0.06514172053704624,0.12231559290382821,131.0,0.0,1880,,,,,,,,,,,,
33,146074,0.9705882352941176,0.620479302832244,0.14429361488185016,0.11331252902364002,0.23447712418300648,0.1902457893680651,0.21459694989106753,0.054966517857142856,0.08751665926254998,197,721,3387,0.664488017429194,0.11410400299289188,0.19476372924648785,610,308,4736,0.6274509803921569,0.12768787408556861,0.212193774175723,576,342,3935,0.6252723311546841,0.14429361488185016,0.23447712418300648,574,344,3404,0.9705882352941176,0.12551063530074658,0.2222776599725583,891.0,27.0,6208,,,,,,,,,,,,,,,,,,
34,220003,0.7908847184986595,0.682573726541555,0.08998875140607424,0.07634264676086511,0.15789473684210525,0.1367272194445163,0.6943699731903485,0.060755336617405585,0.11173425366695428,259,114,4004,0.5737265415549598,0.08333333333333333,0.1455287317239034,214,159,2354,0.710455764075067,0.06046087154916724,0.11143818334735071,265,108,4118,0.7908847184986595,0.08717494089834515,0.15704019164226776,295,78,3089,0.6434316353887399,0.08998875140607424,0.15789473684210525,240.0,133.0,2427,,,,,,,,,,,,,,,,,,
35,120093,0.9710610932475884,0.869774919614148,0.15087719298245614,0.13635903903545996,0.25542965061378653,0.23431389327558927,0.6913183279742765,0.15087719298245614,0.2476958525345622,430,192,2420,0.9646302250803859,0.13531799729364005,0.2373417721518987,600,22,3834,0.8520900321543409,0.1423200859291085,0.24390243902439027,530,92,3194,0.8697749196141479,0.1496956281128943,0.25542965061378653,541,81,3073,0.9710610932475884,0.10358429085920082,0.18719975205330855,604.0,18.0,5227,,,,,,,,,,,,,,,,,,
36,80090,1.0,0.16666666666666666,0.004878048780487805,0.0008130081300813008,0.009708737864077669,0.0016181229773462782,0.0,0.0,0.0,0,13,1731,0.0,0.0,0.0,0,13,3007,0.0,0.0,0.0,0,13,3022,0.0,0.0,0.0,0,13,1819,1.0,0.004878048780487805,0.009708737864077669,13.0,0.0,2652,0.0,0.0,0.0,0.0,13.0,2143,,,,,,,,,,,,
37,159022,1.0,0.95,0.01443001443001443,0.011125359543398067,0.02844950213371266,0.021988946533083413,1.0,0.011926058437686345,0.02357100766057749,20,0,1657,0.95,0.009703779366700716,0.019211324570273004,19,1,1939,1.0,0.01443001443001443,0.02844950213371266,20,0,1366,1.0,0.010678056593699947,0.021130480718436345,20,0,1853,0.8,0.008888888888888889,0.017582417582417582,16.0,4.0,1784,,,,,,,,,,,,,,,,,,
38,78098,0.4181229773462783,0.36709816612729235,0.19277864992150706,0.1660684876892284,0.2596194503171247,0.2282488833034075,0.3100323624595469,0.16387273349298664,0.21441360787824526,479,1066,2444,0.39741100323624595,0.19277864992150706,0.2596194503171247,614,931,2571,0.3255663430420712,0.15064390536088648,0.205978705978706,503,1042,2836,0.36763754045307445,0.1591928251121076,0.2221787600234696,568,977,3000,0.3838187702265372,0.15027876330461226,0.21598980149335276,593.0,952.0,3353,0.4181229773462783,0.1796440489432703,0.25131297412954673,646.0,899.0,2950,,,,,,,,,,,,
39,189029,0.7059659090909091,0.634375,0.18868640850417615,0.16465929492269257,0.29778310365488314,0.2611986306654561,0.6647727272727273,0.170367673825992,0.27122573167197916,468,236,2279,0.6207386363636364,0.16872586872586873,0.265330904675167,437,267,2153,0.7059659090909091,0.18868640850417615,0.29778310365488314,497,207,2137,0.49573863636363635,0.10708806382325867,0.17612919505425184,349,355,2910,0.6846590909090909,0.18842845973416733,0.2955242182709994,482.0,222.0,2076,,,,,,,,,,,,,,,,,,
40,376086,0.8995605775266792,0.6989956057752669,0.5629945222154595,0.47126980165988636,0.6219197371509035,0.5303425510416532,0.5612052730696798,0.5590994371482176,0.5601503759398497,894,699,705,0.8317639673571877,0.49662668665667165,0.6219197371509035,1325,268,1343,0.4450721908349027,0.5479134466769706,0.4911673016972636,709,884,585,0.8757062146892656,0.4481207838098297,0.5928601784955376,1395,198,1718,0.5806654111738857,0.5629945222154595,0.5716934487021013,925.0,668.0,718,0.8995605775266792,0.21286393345216875,0.34426426426426426,1433.0,160.0,5299,,,,,,,,,,,,
41,15062,0.39823008849557523,0.30629301868239917,0.11405109489051095,0.08015686623301298,0.17421602787456444,0.1263280796104985,0.3687315634218289,0.11405109489051095,0.17421602787456444,250,428,1942,0.07669616519174041,0.03235843186060983,0.04551422319474836,52,626,1555,0.2949852507374631,0.07564296520423601,0.12040939193257075,200,478,2444,0.3746312684365782,0.08532079274437353,0.1389876880984952,254,424,2723,0.32448377581120946,0.09147609147609148,0.14271813168991243,220.0,458.0,2185,0.39823008849557523,0.082091821222256,0.1361230148726998,270.0,408.0,3019,,,,,,,,,,,,
42,17067,0.9042056074766355,0.8070093457943927,0.13274981765134938,0.11635982792600488,0.22965299684542587,0.20317999445696205,0.8457943925233645,0.11888341543513957,0.20846530377195507,362,66,2683,0.8504672897196262,0.13274981765134938,0.22965299684542587,364,64,2378,0.8481308411214953,0.12950410274705673,0.22469823584029713,363,65,2440,0.9042056074766355,0.10892203771460737,0.1944235116804823,387,41,3166,0.5864485981308412,0.09173976608187134,0.1586599241466498,251.0,177.0,2485,,,,,,,,,,,,,,,,,,
43,179084,0.9848484848484849,0.8777777777777779,0.11854768153980752,0.11029609219540737,0.20967741935483875,0.19537871215499236,0.9696969696969697,0.10400866738894908,0.18786692759295498,384,12,3308,0.6843434343434344,0.11854768153980752,0.20208799403430275,271,125,2015,0.9747474747474747,0.10861001688238604,0.19544303797468354,386,10,3168,0.9848484848484849,0.11732851985559567,0.20967741935483875,390,6,2934,0.7752525252525253,0.10298557531029856,0.18181818181818182,307.0,89.0,2674,,,,,,,,,,,,,,,,,,
44,388006,0.3277310924369748,0.24873949579831933,0.017075306479859893,0.013632455646075164,0.03245942571785268,0.025764234393057955,0.058823529411764705,0.006965174129353234,0.012455516014234877,7,112,998,0.29411764705882354,0.013988808952837729,0.02670736360167875,35,84,2467,0.3277310924369748,0.017075306479859893,0.03245942571785268,39,80,2245,0.3025210084033613,0.015517241379310345,0.029520295202952032,36,83,2284,0.2605042016806723,0.014615747289014616,0.02767857142857143,31.0,88.0,2090,,,,,,,,,,,,,,,,,,
45,226060,0.7436823104693141,0.618531889290012,0.05845697329376855,0.04226111784122339,0.10803400054839594,0.0788602060029846,0.7111913357400722,0.05845697329376855,0.10803400054839594,197,80,3173,0.40794223826714804,0.0299575821845175,0.05581625092615461,113,164,3659,0.3862815884476534,0.037755822159491886,0.06878817100610737,107,170,2727,0.7364620938628159,0.039542547005233575,0.0750551876379691,204,73,4955,0.7436823104693141,0.05291548933984074,0.09880095923261391,206.0,71.0,3687,0.7256317689530686,0.03493829306448809,0.06666666666666667,201.0,76.0,5552,,,,,,,,,,,,
46,309040,0.8625254582484725,0.7769857433808554,0.19809825673534073,0.16110371290303477,0.30215131737974377,0.26495044724027933,0.8625254582484725,0.14321947920189382,0.24564965197215782,847,135,5067,0.6364562118126272,0.19809825673534073,0.30215131737974377,625,357,2530,0.8207739307535642,0.163290113452188,0.2723893207164582,806,176,4130,0.7474541751527495,0.1521243523316062,0.25279834682280006,734,248,4091,0.8177189409368636,0.1487863627941449,0.2517635993102367,803.0,179.0,4594,,,,,,,,,,,,,,,,,,
47,198087,0.9879154078549849,0.9715508559919436,0.22536231884057972,0.15515297881688836,0.3635300993571012,0.2657296785660152,0.9773413897280967,0.1716180371352785,0.2919675090252708,647,15,3123,0.9395770392749244,0.22536231884057972,0.3635300993571012,622,40,2138,0.9833836858006042,0.13006993006993006,0.2297511911064055,651,11,4354,0.972809667673716,0.12490302560124127,0.2213819181849433,644,18,4512,0.9879154078549849,0.12674418604651164,0.22466506355204396,654.0,8.0,4506,0.9682779456193353,0.1522203752077891,0.2630822901703263,641.0,21.0,3570,,,,,,,,,,,,
48,69022,0.0,0.0,0.0,0.0,0.0,0.0,0.0,0.0,0.0,0,0,1348,0.0,0.0,0.0,0,0,1396,0.0,0.0,0.0,0,0,2586,0.0,0.0,0.0,0,0,1386,0.0,0.0,0.0,0.0,0.0,1985,,,,,,,,,,,,,,,,,,
49,160067,0.6486486486486487,0.5504504504504505,0.08549715009499684,0.07680212136983385,0.14991671293725709,0.13474807051977636,0.6081081081081081,0.08549715009499684,0.14991671293725709,135,87,1444,0.45045045045045046,0.06720430107526881,0.11695906432748537,100,122,1388,0.45045045045045046,0.06435006435006435,0.11261261261261261,100,122,1454,0.5945945945945946,0.08532643826761474,0.1492368569813454,132,90,1415,0.6486486486486487,0.08163265306122448,0.14501510574018125,144.0,78.0,1620,,,,,,,,,,,,,,,,,,
50,196040,0.965625,0.9574999999999999,0.15825091098386257,0.09264371104875561,0.2713074520303436,0.1670506807230605,0.94375,0.0838423098278734,0.15400305966343703,302,18,3300,0.965625,0.06608212147134303,0.12369895916733388,309,11,4367,0.965625,0.06241163401333064,0.11724530449630051,309,11,4642,0.9625,0.09263157894736843,0.16899862825788753,308,12,3017,0.95,0.15825091098386257,0.2713074520303436,304.0,16.0,1617,,,,,,,,,,,,,,,,,,
51,157032,0.8522727272727273,0.5079545454545455,0.041413583655438985,0.029939361589159587,0.07898894154818324,0.056323746007300515,0.3522727272727273,0.030067895247332686,0.05540661304736372,62,114,2000,0.36363636363636365,0.02868668758404303,0.053178230162027426,64,112,2167,0.11931818181818182,0.00967741935483871,0.01790281329923274,21,155,2149,0.8522727272727273,0.041413583655438985,0.07898894154818324,150,26,3472,0.8522727272727273,0.039851222104144525,0.07614213197969542,150.0,26.0,3614,,,,,,,,,,,,,,,,,,
52,43033,0.0,0.0,0.0,0.0,0.0,0.0,0.0,0.0,0.0,0,48,3537,0.0,0.0,0.0,0,48,937,0.0,0.0,0.0,0,48,1435,0.0,0.0,0.0,0,48,549,0.0,0.0,0.0,0.0,48.0,1015,0.0,0.0,0.0,0.0,48.0,946,,,,,,,,,,,,
53,94095,0.0,0.0,0.0,0.0,0.0,0.0,0.0,0.0,0.0,0,10,4565,0.0,0.0,0.0,0,10,4183,0.0,0.0,0.0,0,10,1675,0.0,0.0,0.0,0,10,4564,0.0,0.0,0.0,0.0,10.0,2914,,,,,,,,,,,,,,,,,,
54,368037,0.7742346938775511,0.6335034013605442,0.17280582082764892,0.13931021665912066,0.25477707006369427,0.22630405288534525,0.4846938775510204,0.17280582082764892,0.25477707006369427,380,404,1819,0.5357142857142857,0.13405681455473986,0.21444983405667603,420,364,2713,0.7091836734693877,0.1291521486643438,0.21851051287089804,556,228,3749,0.6224489795918368,0.12761506276150628,0.21180555555555555,488,296,3336,0.7742346938775511,0.1409333642906896,0.23846002749950898,607.0,177.0,3700,0.6747448979591837,0.13129808885579547,0.21982131726573859,529.0,255.0,3500,,,,,,,,,,,,
55,61034,0.8062654575432812,0.5767518549051938,0.24918032786885247,0.22020844686808333,0.3328770873254859,0.31426844258189135,0.5012366034624897,0.24918032786885247,0.3328770873254859,608,605,1832,0.5424567188788129,0.21904127829560585,0.3120701920796775,658,555,2346,0.5350370981038747,0.20344827586206896,0.2947990006813536,649,564,2541,0.4987633965375103,0.23790798269760124,0.32215122470713525,605,608,1938,0.8062654575432812,0.19146436961628818,0.3094447081158045,978.0,235.0,4130,,,,,,,,,,,,,,,,,,
56,247003,0.9675675675675676,0.3935135135135135,0.061660351360661385,0.032466023722416235,0.11593264248704664,0.059432916061373554,0.23243243243243245,0.02792207792207792,0.049855072463768114,43,142,1497,0.2594594594594595,0.014990630855715179,0.0283436669619132,48,137,3154,0.24864864864864866,0.020489977728285078,0.03786008230452675,46,139,2199,0.2594594594594595,0.037267080745341616,0.06517311608961303,48,137,1240,0.9675675675675676,0.061660351360661385,0.11593264248704664,179.0,6.0,2724,,,,,,,,,,,,,,,,,,
57,196027,1.0,0.9873015873015873,0.037827943868212324,0.02468506096326337,0.07285546415981198,0.048082555935367206,1.0,0.020006351222610352,0.03922789539227896,63,0,3086,0.9523809523809523,0.020554984583761562,0.04024144869215292,60,3,2859,1.0,0.022884126407555393,0.04474431818181818,63,0,2690,1.0,0.022151898734177215,0.043343653250774,63,0,2781,0.9841269841269841,0.037827943868212324,0.07285546415981198,62.0,1.0,1577,,,,,,,,,,,,,,,,,,
58,35049,1.0,0.3333333333333333,0.0020927799093128706,0.0007645767431082489,0.004176818656456666,0.0015256139469945254,0.0,0.0,0.0,0,6,1963,0.0,0.0,0.0,0,6,2144,0.6666666666666666,0.0017301038062283738,0.003451251078515962,4,2,2308,1.0,0.0020927799093128706,0.004176818656456666,6,0,2861,0.0,0.0,0.0,0.0,6.0,2119,,,,,,,,,,,,,,,,,,
59,14092,0.8888888888888888,0.4444444444444444,0.020460358056265986,0.008281946825904536,0.04,0.016251893668886495,0.0,0.0,0.0,0,45,2740,0.8888888888888888,0.020460358056265986,0.04,40,5,1915,0.8888888888888888,0.013477088948787063,0.02655160969133754,40,5,2928,0.0,0.0,0.0,0,45,3142,0.0,0.0,0.0,0.0,45.0,2072,0.8888888888888888,0.015754233950374164,0.030959752321981428,40.0,5.0,2499,,,,,,,,,,,,
60,103029,0.9947916666666666,0.9309895833333333,0.13073237508555785,0.09792662409267212,0.2310949788263763,0.17621165846226922,0.875,0.06554818571985954,0.12196007259528131,168,24,2395,0.8802083333333334,0.12593144560357675,0.22033898305084743,169,23,1173,0.875,0.0642939150401837,0.1197860962566845,168,24,2445,0.8385416666666666,0.07978196233894945,0.14570135746606336,161,31,1857,0.9947916666666666,0.13073237508555785,0.2310949788263763,191.0,1.0,1270,0.9947916666666666,0.07397366382649109,0.13770728190338863,191.0,1.0,2391,0.9947916666666666,0.13073237508555785,0.2310949788263763,191.0,1.0,1270.0,0.9947916666666666,0.1124190700412007,0.20200951877313592,191.0,1.0,1508.0
61,20069,0.836676217765043,0.5888252148997135,0.08995716325559258,0.0736084520625285,0.1542857142857143,0.13000034073827385,0.5358166189111748,0.07714521452145215,0.13487197980526508,187,162,2237,0.5415472779369628,0.08995716325559258,0.1542857142857143,189,160,1912,0.5472779369627507,0.05304082199389058,0.09670886075949367,191,158,3410,0.5214899713467048,0.07595993322203673,0.1326047358834244,182,167,2214,0.5501432664756447,0.07855973813420622,0.13748657357679914,192.0,157.0,2252,0.836676217765043,0.06698784124799266,0.12404418011894648,292.0,57.0,4067,,,,,,,,,,,,
62,206062,0.9326086956521739,0.7382608695652174,0.1319212188777406,0.09908960364307971,0.22532529355760075,0.1740973072117455,0.6304347826086957,0.06512463507747586,0.11805414207205372,290,170,4163,0.532608695652174,0.07805033450143357,0.1361489302584051,245,215,2894,0.8239130434782609,0.11730114515629836,0.20536439989162827,379,81,2852,0.9326086956521739,0.10305068460245016,0.1855937702790396,429,31,3734,0.7717391304347826,0.1319212188777406,0.22532529355760075,355.0,105.0,2336,,,,,,,,,,,,,,,,,,
63,15011,0.9211886304909561,0.8193798449612404,0.17762660619803478,0.1614947562639976,0.2972802024035421,0.2689037024986216,0.8901808785529716,0.14877996113150507,0.25494912118408875,689,85,3942,0.7209302325581395,0.1706422018348624,0.2759643916913947,558,216,2712,0.6537467700258398,0.1564625850340136,0.25249500998003993,506,268,2728,0.9211886304909561,0.15396242712157202,0.2638297872340426,713,61,3918,0.9108527131782945,0.17762660619803478,0.2972802024035421,705.0,69.0,3264,,,,,,,,,,,,,,,,,,
64,201080,0.5875634517766497,0.48075296108291027,0.18351214003387917,0.15396730475560644,0.25400547088706527,0.2307010999317213,0.4149746192893401,0.1809629219701162,0.2520231213872833,327,461,1480,0.41243654822335024,0.18351214003387917,0.25400547088706527,325,463,1446,0.4733502538071066,0.13954358398802844,0.2155446402773765,373,415,2300,0.5329949238578681,0.12754327361068934,0.2058319039451115,420,368,2873,0.4631979695431472,0.1404386302424009,0.21552996752288162,365.0,423.0,2234,0.5875634517766497,0.15180327868852458,0.24127149557060967,463.0,325.0,2587,,,,,,,,,,,,
65,16068,0.02529960053262317,0.014980026631158458,0.017132551848512173,0.010890351395430717,0.020430107526881718,0.012565575666963653,0.009320905459387484,0.007641921397379912,0.008398320335932814,14,1488,1818,0.013315579227696404,0.010863661053775122,0.011965300628178284,20,1482,1821,0.013315579227696404,0.01100715465052284,0.012051822838204279,20,1482,1797,0.005326231691078562,0.004352557127312296,0.004790419161676647,8,1494,1830,0.02330226364846871,0.014344262295081968,0.01775748351090817,35.0,1467.0,2405,0.02529960053262317,0.017132551848512173,0.020430107526881718,38.0,1464.0,2180,,,,,,,,,,,,
66,230063,0.5965909090909091,0.4761363636363636,0.051655629139072845,0.042248241885233934,0.09449963653985946,0.07752151771456921,0.5965909090909091,0.04329004329004329,0.08072266000384394,210,142,4641,0.5539772727272727,0.051655629139072845,0.09449963653985946,195,157,3580,0.4971590909090909,0.04851677294150263,0.08840616317251832,175,177,3432,0.4346590909090909,0.04365192582025677,0.07933627171376717,153,199,3352,0.29829545454545453,0.02412683823529412,0.044642857142857144,105.0,247.0,4247,,,,,,,,,,,,,,,,,,
67,118031,0.9382183908045977,0.5632183908045978,0.20393504059962522,0.15127358368237268,0.3350436121087737,0.2351337628823255,0.3146551724137931,0.12379875635952516,0.17768762677484787,219,477,1550,0.3175287356321839,0.045157335512872904,0.07906976744186046,221,475,4673,0.5258620689655172,0.19152276295133439,0.2807825086306099,366,330,1545,0.9382183908045977,0.20393504059962522,0.3350436121087737,653,43,2549,0.7198275862068966,0.19195402298850575,0.3030852994555354,501.0,195.0,2109,,,,,,,,,,,,,,,,,,
68,87015,0.6567164179104478,0.3313432835820896,0.019281332164767746,0.009894314322046046,0.03746275010642826,0.01921266547312328,0.0,0.0,0.0,0,67,1663,0.4626865671641791,0.015158924205378973,0.029356060606060608,31,36,2014,0.0,0.0,0.0,0,67,1655,0.5373134328358209,0.015031315240083507,0.029244516653127536,36,31,2359,0.6567164179104478,0.019281332164767746,0.03746275010642826,44.0,23.0,2238,,,,,,,,,,,,,,,,,,
69,65084,0.898561695685087,0.7765329295987888,0.4033391915641476,0.31491629434790835,0.5104253544620517,0.44058227293195074,0.8803936411809236,0.3126344086021505,0.46141638563777027,1163,158,2557,0.6949280847842544,0.4033391915641476,0.5104253544620517,918,403,1358,0.898561695685087,0.2526069376463077,0.39435215946843855,1187,134,3512,0.5253595760787282,0.2991379310344828,0.3812139522109311,694,627,1626,0.8834216502649508,0.30686300289245333,0.45550351288056207,1167.0,154.0,2636,,,,,,,,,,,,,,,,,,
70,108036,0.34949267192784667,0.2843291995490417,0.1150278293135436,0.0923349295440665,0.17308766052484645,0.13919752645241382,0.1826381059751973,0.05910251732944181,0.08930540242557884,162,725,2579,0.32919954904171367,0.09401159047005796,0.14625594790884047,292,595,2814,0.3416009019165727,0.11034231609613984,0.16680429397192406,303,584,2443,0.34949267192784667,0.1150278293135436,0.17308766052484645,310,577,2385,0.21871476888387825,0.08319039451114923,0.12053432743087918,194.0,693.0,2138,,,,,,,,,,,,,,,,,,
71,97010,0.7164179104477612,0.5358208955223881,0.03766556291390728,0.03073929627661338,0.07137254901960784,0.0580508791198557,0.23134328358208955,0.020103761348897537,0.0369928400954654,31,103,1511,0.6716417910447762,0.03555906756222837,0.0675422138836773,90,44,2441,0.7164179104477612,0.035754189944134075,0.06810925860234125,96,38,2589,0.3805970149253731,0.024613899613899613,0.04623753399818677,51,83,2021,0.6791044776119403,0.03766556291390728,0.07137254901960784,91.0,43.0,2325,,,,,,,,,,,,,,,,,,
72,41085,0.8592592592592593,0.8281481481481482,0.06027397260273973,0.04331012645185463,0.11224489795918367,0.08195191486458893,0.8592592592592593,0.02560141249172368,0.049721388769824265,116,19,4415,0.8148148148148148,0.06027397260273973,0.11224489795918367,110,25,1715,0.8296296296296296,0.037012557832121616,0.07086365074343562,112,23,2914,0.8296296296296296,0.05536332179930796,0.10379981464318815,112,23,1911,0.8074074074074075,0.03829936753338018,0.07312982220731298,109.0,26.0,2737,,,,,,,,,,,,,,,,,,
73,385022,0.7583732057416268,0.6284688995215311,0.2578125,0.22044256776028645,0.36510687463893704,0.32117409424090804,0.7093301435406698,0.17523640661938533,0.281042654028436,593,243,2791,0.4449760765550239,0.20541137493097736,0.281072912731394,372,464,1439,0.7559808612440191,0.24067022086824066,0.36510687463893704,632,204,1994,0.47368421052631576,0.2578125,0.33389544688026984,396,440,1140,0.7583732057416268,0.22308233638282898,0.34475258292550304,634.0,202.0,2208,,,,,,,,,,,,,,,,,,
74,285022,1.0,0.9130434782608695,0.016739446870451237,0.008883567064319736,0.0329277022190408,0.01757062640027873,1.0,0.016739446870451237,0.0329277022190408,23,0,1351,1.0,0.008002783576896311,0.015878494994822228,23,0,2851,0.5652173913043478,0.0053696819496076,0.010638297872340425,13,10,2408,1.0,0.007125154894671623,0.014149492463857275,23,0,3205,1.0,0.007180768029971901,0.014259144451332922,23.0,0.0,3180,,,,,,,,,,,,,,,,,,
75,14085,0.10966057441253264,0.05378590078328982,0.011901388495324454,0.008333093220152119,0.02147239263803681,0.014063264111505127,0.018276762402088774,0.004964539007092199,0.007808142777467932,7,376,1403,0.02610966057441253,0.0034411562284927736,0.006080875646093037,10,373,2896,0.08616187989556136,0.011466296038915913,0.020239190432382707,33,350,2845,0.028720626631853787,0.009892086330935251,0.01471571906354515,11,372,1101,0.10966057441253264,0.011901388495324454,0.02147239263803681,42.0,341.0,3487,,,,,,,,,,,,,,,,,,
76,107072,1.0,0.9904051172707888,0.05966162065894924,0.05027402362299611,0.11260504201680671,0.09558376097675594,1.0,0.047299682315566534,0.09032692955847657,134,0,2699,1.0,0.05966162065894924,0.11260504201680671,134,0,2112,0.9402985074626866,0.03169811320754717,0.06132879045996593,126,8,3849,0.9925373134328358,0.053413654618473895,0.1013719512195122,133,1,2357,1.0,0.05114503816793893,0.09731299927378358,134.0,0.0,2486,1.0,0.05041384499623777,0.09598853868194843,134.0,0.0,2524,1.0,0.058286211396259245,0.1101520756267982,134.0,0.0,2165.0,,,,,,
77,188025,0.95,0.9005714285714286,0.1689075630252101,0.13875750198498132,0.2824355971896955,0.23924455778059026,0.8685714285714285,0.14080592867068087,0.24232762056596252,608,92,3710,0.8614285714285714,0.1689075630252101,0.2824355971896955,603,97,2967,0.95,0.10757036557748302,0.19325777390293516,665,35,5517,0.8785714285714286,0.15945035001296345,0.2699144173798552,615,85,3242,0.9442857142857143,0.11705330263856915,0.20828737986450294,661.0,39.0,4986,,,,,,,,,,,,,,,,,,
78,112090,0.9891304347826086,0.8953804347826086,0.04800698283386674,0.0390693691000794,0.09113504556752278,0.07469668444564376,0.9891304347826086,0.026871401151631478,0.052321402903550376,182,2,6591,0.8967391304347826,0.04800698283386674,0.09113504556752278,165,19,3272,0.8913043478260869,0.044408340102897376,0.08460149600206346,164,20,3529,0.8043478260869565,0.03699075231192202,0.07072879330943846,148,36,3853,,,,,,,,,,,,,,,,,,,,,,,,
79,384089,1.0,0.9902654867256636,0.08821233411397346,0.06838625951139682,0.16212338593974174,0.1276929325747953,1.0,0.07790417097552568,0.14454748960665173,226,0,2675,0.9911504424778761,0.05717202654415518,0.10810810810810811,224,2,3694,1.0,0.08821233411397346,0.16212338593974174,226,0,2336,1.0,0.056429463171036205,0.10683053651619002,226,0,3779,0.9601769911504425,0.06221330275229358,0.11685514270328488,217.0,9.0,3271,,,,,,,,,,,,,,,,,,
80,187058,0.34332688588007737,0.25918762088974856,0.11968981793661497,0.09874136695822083,0.1775,0.14213168384510882,0.2127659574468085,0.10556621880998081,0.14111610006414368,220,814,1864,0.34332688588007737,0.11968981793661497,0.1775,355,679,2611,0.19439071566731142,0.06644628099173554,0.09903917220990392,201,833,2824,0.2205029013539652,0.09934640522875816,0.1369780714929408,228,806,2067,0.32495164410058025,0.10265811182401467,0.15602507545855585,336.0,698.0,2937,,,,,,,,,,,,,,,,,,
81,140088,0.7894736842105263,0.2299595141700405,0.09110021023125438,0.02960889449761772,0.16335078534031414,0.05227857132203426,0.09919028340080972,0.011881668283220174,0.02122130792550888,49,445,4075,0.09109311740890688,0.01607142857142857,0.027322404371584695,45,449,2755,0.08502024291497975,0.013354531001589825,0.023083264633140973,42,452,3103,0.08502024291497975,0.01563663440059568,0.026415094339622643,42,452,2644,0.7894736842105263,0.09110021023125438,0.16335078534031414,390.0,104.0,3891,,,,,,,,,,,,,,,,,,
82,103006,0.7188703465982028,0.4559691912708601,0.2264591439688716,0.20157483041365243,0.2960702022128958,0.27246556979470393,0.3735558408215661,0.2264591439688716,0.2819767441860465,291,488,994,0.3632862644415918,0.2264,0.27895515032035484,283,496,967,0.7188703465982028,0.17715912685858906,0.28426395939086296,560,219,2601,0.4980744544287548,0.21064060803474485,0.2960702022128958,388,391,1454,0.32605905006418484,0.1672152732060566,0.22106179286335945,254.0,525.0,1265,,,,,,,,,,,,,,,,,,
83,160006,0.5717884130982368,0.5118387909319899,0.08505058074185089,0.07664098972511871,0.14807566862361382,0.1329032653011545,0.5717884130982368,0.08505058074185089,0.14807566862361382,227,170,2442,0.4156171284634761,0.07750117426021606,0.13064133016627077,165,232,1964,0.5440806045340051,0.059586206896551724,0.1074092491297862,216,181,3409,0.5239294710327456,0.07769891669779604,0.13532856213402733,208,189,2469,0.5037783375314862,0.08336807002917883,0.1430615164520744,200.0,197.0,2199,,,,,,,,,,,,,,,,,,
84,209021,0.0,0.0,0.0,0.0,0.0,0.0,0.0,0.0,0.0,0,22,863,0.0,0.0,0.0,0,22,2975,0.0,0.0,0.0,0,22,874,0.0,0.0,0.0,0,22,2681,0.0,0.0,0.0,0.0,22.0,2875,,,,,,,,,,,,,,,,,,
85,388067,0.9785794813979707,0.8845546786922209,0.17754077791718947,0.15004394427556883,0.29952372552478396,0.2559834036771024,0.8060879368658399,0.1329243353783231,0.22821576763485477,715,172,4664,0.8105975197294251,0.157917856358445,0.26433823529411765,719,168,3834,0.8703494926719278,0.15390749601275916,0.26156191766898185,772,115,4244,0.9571589627959414,0.17754077791718947,0.29952372552478396,849,38,3933,0.9785794813979707,0.12792925571112748,0.2262773722627737,868.0,19.0,5917,,,,,,,,,,,,,,,,,,
86,51084,0.9726205997392438,0.898044328552803,0.19222963177732677,0.172262784870928,0.3145161290322581,0.288741249798937,0.864406779661017,0.19222963177732677,0.3145161290322581,663,104,2786,0.9335071707953064,0.16942735447231425,0.28680152213098337,716,51,3510,0.8761408083441982,0.16703952274422074,0.28058455114822545,672,95,3351,0.8435462842242504,0.16757316757316756,0.27960242005185826,647,120,3214,0.9726205997392438,0.16504424778761062,0.2822016266313599,746.0,21.0,3774,,,,,,,,,,,,,,,,,,
87,147080,0.7232897770945427,0.5583397386625673,0.5331125827814569,0.4184069410494242,0.5979068197164077,0.4700512595432295,0.680630284396618,0.5331125827814569,0.5979068197164077,1771,831,1551,0.6979246733282091,0.41413911060433295,0.5198225275511665,1816,786,2569,0.7232897770945427,0.4200892857142857,0.5314882801468512,1882,720,2598,0.3166794773251345,0.2679674796747967,0.2902941694556984,824,1778,2251,0.3731744811683321,0.45672624647224835,0.4107445008460237,971.0,1631.0,1155,,,,,,,,,,,,,,,,,,
88,112056,0.0,0.0,0.0,0.0,0.0,0.0,0.0,0.0,0.0,0,0,1626,0.0,0.0,0.0,0,0,1599,0.0,0.0,0.0,0,0,2424,0.0,0.0,0.0,0,0,1589,0.0,0.0,0.0,0.0,0.0,1567,0.0,0.0,0.0,0.0,0.0,2297,,,,,,,,,,,,
89,202000,0.6692913385826772,0.3102362204724409,0.02471648735097412,0.014620623794576454,0.04767246214245653,0.02782428813185108,0.2440944881889764,0.01458137347130762,0.027518863737239236,31,96,2095,0.1889763779527559,0.005427408412483039,0.010551769619696635,24,103,4398,0.2125984251968504,0.013056092843326886,0.024601366742596813,27,100,2041,0.23622047244094488,0.015321756894790603,0.028776978417266185,30,97,1928,0.6692913385826772,0.02471648735097412,0.04767246214245653,85.0,42.0,3354,,,,,,,,,,,,,,,,,,
90,365072,0.7892030848329049,0.6676663810339902,0.29564894012644105,0.22070624688640875,0.41234439834024894,0.3294303332867984,0.6246786632390745,0.23508545630441793,0.3416119962511715,729,438,2372,0.6812339331619537,0.29564894012644105,0.41234439834024894,795,372,1894,0.6443873179091688,0.20362848632548064,0.3094650205761317,752,415,2941,0.5826906598114824,0.1828940290478752,0.2784032753326509,680,487,3038,0.6838046272493573,0.22278056951423786,0.33607075173720785,798.0,369.0,2784,0.7892030848329049,0.1842,0.2986865574833793,921.0,246.0,4079,,,,,,,,,,,,
91,43051,0.8623188405797102,0.8405797101449275,0.13704994192799072,0.11909334855714575,0.23623623623623624,0.20816521851727215,0.855072463768116,0.13704994192799072,0.23623623623623624,118,20,743,0.8188405797101449,0.12444933920704845,0.21606118546845124,113,25,795,0.8623188405797102,0.1299126637554585,0.22580645161290325,119,19,797,0.8260869565217391,0.1171634121274409,0.20522052205220523,114,24,859,0.8405797101449275,0.08689138576779026,0.15750169721656485,116.0,22.0,1219,,,,,,,,,,,,,,,,,,
92,230098,1.0,0.8183908045977011,0.028091701646754924,0.02442534380696872,0.054648241206030145,0.04742787615432511,0.8275862068965517,0.024665981500513873,0.04790419161676646,72,15,2847,0.7931034482758621,0.02673382409918636,0.051724137931034475,69,18,2512,0.8620689655172413,0.0260778859527121,0.05062436719541006,75,12,2801,1.0,0.028091701646754924,0.054648241206030145,87,0,3010,0.6091954022988506,0.016557325835676352,0.03223844282238443,53.0,34.0,3148,,,,,,,,,,,,,,,,,,
93,157087,0.9553679131483716,0.7558504221954161,0.19616908850726553,0.16237400405594693,0.3080114078299196,0.26505819816033377,0.6139927623642943,0.16194718421889914,0.25629405840886205,509,320,2634,0.729794933655006,0.18032786885245902,0.2891969407265775,605,224,2750,0.9553679131483716,0.1497447532614861,0.2589081399150049,792,37,4497,0.7635705669481303,0.12368112543962485,0.21288044392130487,633,196,4485,0.7165259348612787,0.19616908850726553,0.3080114078299196,594.0,235.0,2434,,,,,,,,,,,,,,,,,,
94,49024,0.0,0.0,0.0,0.0,0.0,0.0,0.0,0.0,0.0,0,41,1881,0.0,0.0,0.0,0,41,1469,0.0,0.0,0.0,0,41,1885,0.0,0.0,0.0,0,41,1913,0.0,0.0,0.0,0.0,41.0,1582,,,,,,,,,,,,,,,,,,
95,247012,0.9478458049886621,0.8498866213151928,0.16129032258064516,0.13751006011584538,0.26997041420118345,0.23553772685608215,0.8253968253968254,0.15916047223436816,0.2668621700879765,364,77,1923,0.8299319727891157,0.12797202797202797,0.2217509845501363,366,75,2494,0.81859410430839,0.13700189753320682,0.23472041612483746,361,80,2274,0.8276643990929705,0.16129032258064516,0.26997041420118345,365,76,1898,0.9478458049886621,0.10212558025897875,0.18438464931627702,418.0,23.0,3675,,,,,,,,,,,,,,,,,,
96,161045,0.0,0.0,0.0,0.0,0.0,0.0,0.0,0.0,0.0,0,0,1805,0.0,0.0,0.0,0,0,1879,0.0,0.0,0.0,0,0,1718,0.0,0.0,0.0,0,0,1532,0.0,0.0,0.0,0.0,0.0,1201,0.0,0.0,0.0,0.0,0.0,2305,,,,,,,,,,,,
97,81066,1.0,0.37777777777777777,0.006062647356012125,0.002314993657956293,0.012052226314027453,0.004601761325981936,0.16666666666666666,0.001095290251916758,0.0021762785636561476,3,15,2736,0.2777777777777778,0.0017415534656913968,0.0034614053305642095,5,13,2866,0.16666666666666666,0.0009578544061302681,0.0019047619047619045,3,15,3129,1.0,0.006062647356012125,0.012052226314027453,18,0,2951,0.2777777777777778,0.0017176228100309172,0.0034141345168999656,5.0,13.0,2906,,,,,,,,,,,,,,,,,,
98,232076,0.546875,0.4875,0.0836591086786552,0.07686958813669378,0.14220416455053328,0.1325456009051631,0.546875,0.08172796263864565,0.14220416455053328,140,116,1573,0.48828125,0.06853070175438597,0.12019230769230772,125,131,1699,0.53515625,0.07842014882655982,0.13679480778831754,137,119,1610,0.41796875,0.0836591086786552,0.13941368078175895,107,149,1172,0.44921875,0.07201001878522229,0.12412304371289799,115.0,141.0,1482,,,,,,,,,,,,,,,,,,
99,335094,0.9151969981238274,0.7980487804878048,0.8650881057268722,0.585365225681126,0.7151599930057704,0.6448322285450083,0.5894934333958725,0.8650881057268722,0.7011827717027449,1571,1094,245,0.9151969981238274,0.3670428893905192,0.523952738990333,2439,226,4206,0.7673545966228893,0.6696136214800262,0.7151599930057704,2045,620,1009,0.8600375234521576,0.4994552190019612,0.6319272125723738,2292,373,2297,0.8581613508442777,0.5256262928062514,0.6519384264538197,2287.0,378.0,2064,,,,,,,,,,,,,,,,,,
100,41096,0.21052631578947367,0.19561403508771927,0.03356282271944923,0.030334611354600343,0.05769230769230769,0.05249972732733249,0.2,0.03217612193056731,0.05543398978847556,38,152,1143,0.15789473684210525,0.02245508982035928,0.039318479685452164,30,160,1306,0.21052631578947367,0.03278688524590164,0.056737588652482275,40,150,1180,0.19473684210526315,0.03220191470844212,0.055265123226288265,37,153,1112,0.20526315789473684,0.028824833702882482,0.05055087491898898,39.0,151.0,1314,0.20526315789473684,0.03356282271944923,0.05769230769230769,39.0,151.0,1123,,,,,,,,,,,,
101,296058,0.0,0.0,0.0,0.0,0.0,0.0,0.0,0.0,0.0,0,33,2040,0.0,0.0,0.0,0,33,2876,0.0,0.0,0.0,0,33,4090,0.0,0.0,0.0,0,33,3317,0.0,0.0,0.0,0.0,33.0,5377,,,,,,,,,,,,,,,,,,
102,163096,1.0,1.0,0.0035608308605341245,0.0027655955084545424,0.00709639266706091,0.005515467550692908,1.0,0.0035608308605341245,0.00709639266706091,6,0,1679,1.0,0.0030911901081916537,0.0061633281972265025,6,0,1935,1.0,0.0024096385542168677,0.004807692307692308,6,0,2484,1.0,0.0022735884804850324,0.004536862003780719,6,0,2633,1.0,0.0024927295388450354,0.004973062577704103,6.0,0.0,2401,,,,,,,,,,,,,,,,,,
103,145079,0.8821138211382114,0.4999999999999999,0.05655247417074497,0.03982360476082679,0.09976019184652278,0.07314535755762684,0.8821138211382114,0.04465939493722988,0.08501469147894221,217,29,4642,0.4146341463414634,0.03244274809160305,0.06017699115044248,102,144,3042,0.42276422764227645,0.05655247417074497,0.09976019184652278,104,142,1735,0.3130081300813008,0.027807872878295413,0.05107794361525705,77,169,2692,0.46747967479674796,0.03765553372626064,0.06969696969696969,115.0,131.0,2939,,,,,,,,,,,,,,,,,,
104,187099,0.49044585987261147,0.445859872611465,0.030558015943312665,0.022062948889640832,0.05714285714285715,0.04192163239539681,0.34394904458598724,0.01366051100430053,0.02627737226277372,54,103,3899,0.4840764331210191,0.021609326130224624,0.04137180185084377,76,81,3441,0.4394904458598726,0.030558015943312665,0.05714285714285715,69,88,2189,0.4713375796178344,0.02735674676524954,0.05171208944793851,74,83,2631,0.49044585987261147,0.017130144605116797,0.03310404127257094,77.0,80.0,4418,,,,,,,,,,,,,,,,,,
105,176051,0.6853448275862069,0.42672413793103453,0.22484807562457798,0.17363737625721276,0.30592558566835093,0.2399592874576689,0.3232758620689655,0.17914012738853502,0.2305327868852459,225,471,1031,0.29310344827586204,0.16451612903225807,0.21074380165289258,204,492,1036,0.47844827586206895,0.22484807562457798,0.30592558566835093,333,363,1148,0.35344827586206895,0.1594296824368114,0.21974095578383207,246,450,1297,0.6853448275862069,0.14025286680388122,0.23285330729802298,477.0,219.0,2924,,,,,,,,,,,,,,,,,,
106,106005,0.7437185929648241,0.5658291457286431,0.11237661351556567,0.08076737143664103,0.19525065963060684,0.14039845907944887,0.5276381909547738,0.06276150627615062,0.11217948717948718,105,94,1568,0.39195979899497485,0.07228915662650602,0.1220657276995305,78,121,1001,0.5276381909547738,0.09731232622798888,0.16431924882629106,105,94,974,0.7437185929648241,0.11237661351556567,0.19525065963060684,148,51,1169,0.6381909547738693,0.05909725453699395,0.10817717206132879,127.0,72.0,2022,,,,,,,,,,,,,,,,,,
107,258089,0.7288528389339514,0.44727694090382386,0.12009047912811022,0.08678448955453863,0.203981837233671,0.14369074901635834,0.44148319814600234,0.0712016445524201,0.12262632764724815,381,482,4970,0.20046349942062572,0.06231988472622478,0.09508106622698544,173,690,2603,0.18887601390498263,0.062476044461479495,0.09389400921658986,163,700,2446,0.7288528389339514,0.1178343949044586,0.20287050475729723,629,234,4709,0.6767091541135574,0.12009047912811022,0.203981837233671,584.0,279.0,4279,,,,,,,,,,,,,,,,,,
108,6046,0.4759259259259259,0.3951851851851852,0.08996138996138996,0.06450736440969525,0.1488817891373802,0.11045255332419002,0.2,0.034974093264248704,0.05953693495038588,108,432,2980,0.4703703703703704,0.06678937680778332,0.11696983651853556,254,286,3549,0.39814814814814814,0.07028440666884603,0.11947763267574325,215,325,2844,0.43148148148148147,0.08996138996138996,0.1488817891373802,233,307,2357,0.4759259259259259,0.0605275553462082,0.10739657333890515,257.0,283.0,3989,,,,,,,,,,,,,,,,,,
109,45000,0.0,0.0,0.0,0.0,0.0,0.0,0.0,0.0,0.0,0,0,4668,0.0,0.0,0.0,0,0,2812,0.0,0.0,0.0,0,0,2980,0.0,0.0,0.0,0,0,4962,0.0,0.0,0.0,0.0,0.0,4070,,,,,,,,,,,,,,,,,,
110,217013,0.9056224899598394,0.857429718875502,0.2328767123287671,0.16298145164712885,0.3659061558329746,0.27126126601685135,0.8855421686746988,0.12042599672310213,0.21201923076923077,441,57,3221,0.9056224899598394,0.12580195258019525,0.2209159931422973,451,47,3134,0.7028112449799196,0.10762607626076261,0.18666666666666668,350,148,2902,0.8995983935742972,0.20885780885780886,0.3390087022323118,448,50,1697,0.8534136546184738,0.2328767123287671,0.3659061558329746,425.0,73.0,1400,0.8975903614457831,0.18230016313213704,0.3030508474576271,447.0,51.0,2005,,,,,,,,,,,,
111,81095,0.8360655737704918,0.25901639344262295,0.01580415246358847,0.005198048691041237,0.03102189781021898,0.010186716614552924,0.09836065573770492,0.0015015015015015015,0.002957850628543259,6,55,3990,0.13114754098360656,0.002844950213371266,0.005569091541942221,8,53,2804,0.09836065573770492,0.0021238938053097347,0.004158004158004158,6,55,2819,0.13114754098360656,0.0037157454714352067,0.007226738934056007,8,53,2145,0.8360655737704918,0.01580415246358847,0.03102189781021898,51.0,10.0,3176,,,,,,,,,,,,,,,,,,
112,107045,0.9324324324324325,0.845945945945946,0.05207485760781123,0.04455790415247789,0.09823484267075977,0.08451266739871208,0.8040540540540541,0.0471847739888977,0.08913857677902623,119,29,2403,0.8716216216216216,0.05062794348508634,0.0956973293768546,129,19,2419,0.7567567567567568,0.04080145719489982,0.07742827514690633,112,36,2633,0.9324324324324325,0.03210048848569435,0.0620643130200135,138,10,4161,0.8648648648648649,0.05207485760781123,0.09823484267075977,128.0,20.0,2330,,,,,,,,,,,,,,,,,,
113,226033,0.9542743538767395,0.857455268389662,0.29402661714639433,0.2322853809615185,0.4484304932735426,0.364861633849684,0.9234592445328031,0.25641733370135245,0.4013825880319723,929,77,2694,0.94831013916501,0.22068008327550312,0.3580409082379433,954,52,3369,0.9443339960238568,0.29402661714639433,0.4484304932735426,950,56,2281,0.5168986083499006,0.14994232987312572,0.23245417970496202,520,486,2948,0.9542743538767395,0.24036054081121683,0.384,960.0,46.0,3034,,,,,,,,,,,,,,,,,,
114,235098,0.15664018161180476,0.10715096481271283,0.05067064083457526,0.02764969943772193,0.07629733520336605,0.043568578495368396,0.032917139614074914,0.00740929994890138,0.012095933263816474,29,852,3885,0.15664018161180476,0.02923728813559322,0.04927691483663631,138,743,4582,0.039727582292849034,0.013812154696132596,0.020497803806734993,35,846,2499,0.15209988649262202,0.0371191135734072,0.05967490536628813,134,747,3476,0.1543700340522134,0.05067064083457526,0.07629733520336605,136.0,745.0,2548,,,,,,,,,,,,,,,,,,
115,109055,0.34615384615384615,0.3161538461538461,0.17096466093600765,0.11095950958220446,0.2284620293554563,0.1601597615530263,0.34615384615384615,0.16172506738544473,0.2204531537048377,180,340,933,0.34423076923076923,0.06336283185840708,0.10702541106128549,179,341,2646,0.25961538461538464,0.06261595547309833,0.10089686098654707,135,385,2021,0.34423076923076923,0.17096466093600765,0.2284620293554563,179,341,868,0.2865384615384615,0.09612903225806452,0.14396135265700483,149.0,371.0,1401,,,,,,,,,,,,,,,,,,
116,134049,0.9808917197452229,0.6974522292993631,0.05501618122977346,0.02949368688474043,0.10258620689655172,0.055765981086663995,0.9490445859872612,0.035791496516934904,0.06898148148148149,149,8,4014,0.27388535031847133,0.025702331141661684,0.04699453551912568,43,114,1630,0.9808917197452229,0.016327396098388465,0.03212013765773281,154,3,9278,0.9554140127388535,0.022169671888856046,0.04333381482016468,150,7,6616,0.7579617834394905,0.05501618122977346,0.10258620689655172,119.0,38.0,2044,0.267515923566879,0.02195504443282802,0.04057971014492753,42.0,115.0,1871,,,,,,,,,,,,
117,290035,0.5,0.5,0.002244165170556553,0.0014226149193748447,0.004468275245755138,0.002836354194307129,0.5,0.0013601741022850925,0.002712967986977754,5,5,3671,0.5,0.002244165170556553,0.004468275245755138,5,5,2223,0.5,0.0014714537963507945,0.0029342723004694834,5,5,3393,0.5,0.001072961373390558,0.0021413276231263384,5,5,4655,0.5,0.0009643201542912247,0.0019249278152069296,5.0,5.0,5180,,,,,,,,,,,,,,,,,,
118,3063,1.0,0.9920382165605095,0.3266596417281349,0.26459444571809393,0.49089469517022966,0.4096861873327862,0.9872611464968153,0.3266596417281349,0.49089469517022966,310,4,639,0.9840764331210191,0.3242392444910808,0.4877663772691398,309,5,644,1.0,0.32205128205128203,0.48719937936384794,314,0,661,0.9968152866242038,0.26061615320566195,0.41320132013201316,313,1,888,0.9872611464968153,0.0825346112886049,0.15233415233415232,310.0,4.0,3446,0.9968152866242038,0.27146574154379877,0.42672119972733463,313.0,1.0,840,,,,,,,,,,,,
119,102062,0.5618556701030928,0.43118556701030925,0.20886615515771526,0.13060767730295716,0.2514109799897383,0.1918736568281731,0.452319587628866,0.0962171052631579,0.15867992766726943,351,425,3297,0.44458762886597936,0.10454545454545454,0.16928361138370954,345,431,2955,0.31572164948453607,0.20886615515771526,0.2514109799897383,245,531,928,0.38144329896907214,0.13857677902621723,0.2032967032967033,296,480,1840,0.5618556701030928,0.10483289252224093,0.1766970618034448,436.0,340.0,3723,,,,,,,,,,,,,,,,,,
120,101027,0.6748768472906403,0.6009852216748768,0.2687726566545831,0.2427358772277275,0.38101933216168715,0.3457169793833297,0.6674876847290641,0.26660108214461387,0.38101933216168715,542,270,1491,0.6748768472906403,0.2575187969924812,0.3727891156462585,548,264,1580,0.45197044334975367,0.18405215646940823,0.2615823235923022,367,445,1627,0.5714285714285714,0.23673469387755103,0.33477633477633484,464,348,1496,0.6391625615763546,0.2687726566545831,0.3784177907400656,519.0,293.0,1412,,,,,,,,,,,,,,,,,,
121,208078,0.17632946821271492,0.14628434340549495,0.20446096654275092,0.17526770613098072,0.18181818181818182,0.15808206889691637,0.1759296281487405,0.1881145788798632,0.18181818181818182,440,2061,1899,0.13194722111155538,0.20446096654275092,0.16038882138517618,330,2171,1284,0.16113554578168732,0.14654545454545453,0.1534945724623881,403,2098,2347,0.10675729708116753,0.12321181356714352,0.11439588688946015,267,2234,1900,0.14434226309476209,0.1846547314578005,0.1620287253141831,361.0,2140.0,1594,0.12754898040783685,0.1966707768187423,0.1547416929420325,319.0,2182.0,1303,0.17632946821271492,0.18321562110511008,0.17970660146699266,441.0,2060.0,1966.0,,,,,,
122,181021,0.6877605153467222,0.3623847416950865,0.5216400911161732,0.41780148559298635,0.36666666666666664,0.3551741964534553,0.26032588101553616,0.5216400911161732,0.34732052578361977,687,1952,630,0.2591890867752937,0.5104477611940299,0.34380497612465444,684,1955,656,0.30845017051913604,0.45197112715158244,0.36666666666666664,814,1825,987,0.330428192497158,0.39690487027765137,0.3606286186931348,872,1767,1325,0.32815460401667296,0.38267786124613345,0.3533251733986128,866.0,1773.0,1397,0.6877605153467222,0.24316720257234728,0.35929921805404336,1815.0,824.0,5649,,,,,,,,,,,,
123,70090,0.0,0.0,0.0,0.0,0.0,0.0,0.0,0.0,0.0,0,0,1554,0.0,0.0,0.0,0,0,1539,0.0,0.0,0.0,0,0,1674,0.0,0.0,0.0,0,0,1558,0.0,0.0,0.0,0.0,0.0,2135,0.0,0.0,0.0,0.0,0.0,1564,,,,,,,,,,,,
124,8068,0.8988988988988988,0.8462462462462461,0.6646017699115044,0.48115401418163134,0.7054955378111791,0.604411885369083,0.8358358358358359,0.3867531264474294,0.5288157061431286,835,164,1324,0.7517517517517518,0.6646017699115044,0.7054955378111791,751,248,379,0.8748748748748749,0.39087656529516995,0.5403400309119011,874,125,1362,0.8988988988988988,0.4983351831298557,0.6411995715815779,898,101,904,0.8698698698698699,0.465203426124197,0.6062085803976281,869.0,130.0,999,,,,,,,,,,,,,,,,,,
125,164046,0.0,0.0,0.0,0.0,0.0,0.0,0.0,0.0,0.0,0,0,999,0.0,0.0,0.0,0,0,1440,0.0,0.0,0.0,0,0,996,0.0,0.0,0.0,0,0,1265,0.0,0.0,0.0,0.0,0.0,1366,,,,,,,,,,,,,,,,,,
126,185092,0.5333333333333333,0.2333333333333333,0.0031508467900748325,0.0013958046672407224,0.006264682850430697,0.0027749328368884053,0.26666666666666666,0.0016535758577924762,0.003286770747740345,4,11,2415,0.5333333333333333,0.0031508467900748325,0.006264682850430697,8,7,2531,0.2,0.0013599274705349048,0.0027014858171994596,3,12,2203,0.0,0.0,0.0,0,15,2051,0.2,0.0011135857461024498,0.0022148394241417496,3.0,12.0,2691,0.2,0.0010968921389396709,0.002181818181818182,3.0,12.0,2732,,,,,,,,,,,,
127,100099,0.0,0.0,0.0,0.0,0.0,0.0,0.0,0.0,0.0,0,0,1938,0.0,0.0,0.0,0,0,2222,0.0,0.0,0.0,0,0,1510,0.0,0.0,0.0,0,0,1991,0.0,0.0,0.0,0.0,0.0,2014,,,,,,,,,,,,,,,,,,
128,326025,0.6172539489671932,0.5202916160388822,0.21305075292805353,0.18307409852268025,0.3064312736443884,0.2684926947339041,0.5467800729040098,0.18130539887187752,0.2723146747352496,450,373,2032,0.3827460510328068,0.16220391349124613,0.22784810126582275,315,508,1627,0.6172539489671932,0.1519138755980861,0.24382049436045114,508,315,2836,0.5905224787363305,0.20689655172413793,0.3064312736443884,486,337,1863,0.4641555285540705,0.21305075292805353,0.29204892966360857,382.0,441.0,1411,,,,,,,,,,,,,,,,,,
129,141012,0.0,0.0,0.0,0.0,0.0,0.0,0.0,0.0,0.0,0,0,1015,0.0,0.0,0.0,0,0,1249,0.0,0.0,0.0,0,0,946,0.0,0.0,0.0,0,0,1288,0.0,0.0,0.0,0.0,0.0,1707,,,,,,,,,,,,,,,,,,
130,238025,0.9411764705882353,0.6235294117647058,0.0061162079510703364,0.004585494514129989,0.012153437143942271,0.009101912006471098,0.5882352941176471,0.005268703898840885,0.010443864229765011,10,7,1888,0.9411764705882353,0.005728607232366631,0.011387900355871885,16,1,2777,0.6470588235294118,0.005813953488372093,0.011524358302776322,11,6,1881,0.0,0.0,0.0,0,17,1754,0.9411764705882353,0.0061162079510703364,0.012153437143942271,16.0,1.0,2600,,,,,,,,,,,,,,,,,,
131,92014,0.9635036496350365,0.7632116788321168,0.1790073230268511,0.13889952850734175,0.3019213174748399,0.23403091202762827,0.8992700729927007,0.1429566024599675,0.24669603524229075,616,69,3693,0.6,0.15330100708690786,0.24420677361853832,411,274,2270,0.910948905109489,0.14878397711015737,0.2557901209264194,624,61,3570,0.9635036496350365,0.1790073230268511,0.3019213174748399,660,25,3027,0.44233576642335765,0.07044873285282492,0.12154031287605296,303.0,382.0,3998,,,,,,,,,,,,,,,,,,
132,120003,0.9775668679896462,0.7887546735691688,0.3246753246753247,0.22773515302981137,0.4416229643941485,0.3482137150620599,0.7808455565142364,0.17313946814616415,0.28343250861259006,905,254,4322,0.7817083692838654,0.17058934287328187,0.2800618238021638,906,253,4405,0.6902502157031924,0.3246753246753247,0.4416229643941485,800,359,1664,0.9775668679896462,0.22064264849074974,0.36002542103590723,1133,26,4002,0.7368421052631579,0.22181818181818183,0.3409862247953684,854.0,305.0,2996,0.7653149266609146,0.2555459521751657,0.38315334773218146,887.0,272.0,2584,,,,,,,,,,,,
133,206097,0.7448979591836735,0.5232426303854876,0.07710280373831775,0.06282096724449467,0.1383647798742138,0.1110184269910252,0.5034013605442177,0.06060606060606061,0.10818713450292397,148,146,2294,0.24149659863945577,0.05711987127916331,0.09238776837996096,71,223,1172,0.673469387755102,0.07710280373831775,0.1383647798742138,198,96,2370,0.7448979591836735,0.05901374292643492,0.10936329588014983,219,75,3492,0.6122448979591837,0.06574141709276844,0.11873350923482848,180.0,114.0,2558,0.36394557823129253,0.05734190782422294,0.09907407407407408,107.0,187.0,1759,,,,,,,,,,,,
134,334025,0.9690189328743546,0.5401606425702812,0.2456369982547993,0.1458394266289299,0.3919248172641838,0.22568965145276468,0.24612736660929432,0.09022082018927445,0.13204062788550325,143,438,1442,0.3528399311531842,0.14887436456063907,0.20939734422880493,205,376,1172,0.540447504302926,0.1650893796004206,0.25291985501409586,314,267,1588,0.540447504302926,0.151252408477842,0.23635679337598797,314,267,1762,0.5920826161790017,0.07396258869060417,0.13149847094801223,344.0,237.0,4307,0.9690189328743546,0.2456369982547993,0.3919248172641838,563.0,18.0,1729,,,,,,,,,,,,
135,168084,1.0,0.8282051282051283,0.035842293906810034,0.02601385089490813,0.06900517538815411,0.05041752253263492,0.07692307692307693,0.0031036623215394167,0.005966587112171838,5,60,1606,0.9230769230769231,0.035842293906810034,0.06900517538815411,60,5,1614,1.0,0.028126352228472522,0.054713804713804715,65,0,2246,1.0,0.02847130968024529,0.05536626916524701,65,0,2218,0.9692307692307692,0.02782685512367491,0.054100472305710606,63.0,2.0,2201,1.0,0.03271263210870659,0.06335282651072124,65.0,0.0,1922,,,,,,,,,,,,
136,253092,0.8407894736842105,0.35131578947368425,0.24250474383301707,0.13389012572019587,0.3764359351988218,0.19066995626690147,0.20657894736842106,0.11493411420204978,0.14769520225776106,157,603,1209,0.22236842105263158,0.12426470588235294,0.15943396226415096,169,591,1191,0.8407894736842105,0.24250474383301707,0.3764359351988218,639,121,1996,0.22236842105263158,0.09970501474926254,0.13767820773930753,169,591,1526,0.2644736842105263,0.08804204993429698,0.132106473874466,201.0,559.0,2082,,,,,,,,,,,,,,,,,,
137,147077,0.697928026172301,0.5899672846237731,0.2286348501664817,0.19315436123965712,0.3414364640883978,0.2891289193351238,0.46673936750272627,0.1968721251149954,0.27693303138143,428,489,1746,0.5398037077426391,0.19627279936558287,0.28787438208781624,495,422,2027,0.5714285714285714,0.17963661295851902,0.2733437663015128,524,393,2393,0.697928026172301,0.16435541859270672,0.26605695281646224,640,277,3254,0.6739367502726281,0.2286348501664817,0.3414364640883978,618.0,299.0,2085,,,,,,,,,,,,,,,,,,
138,249021,0.9448275862068966,0.6310344827586206,0.050535077288941736,0.03185873999688813,0.09304871373836893,0.06027934239626087,0.5862068965517241,0.050535077288941736,0.09304871373836893,85,60,1597,0.4482758620689655,0.0184083828943642,0.0353645266594124,65,80,3466,0.5793103448275863,0.03139013452914798,0.05955334987593053,84,61,2592,0.9448275862068966,0.029608817808515236,0.057418273260687346,137,8,4490,0.6206896551724138,0.023474178403755867,0.045237496858507156,90.0,55.0,3744,0.6068965517241379,0.03773584905660377,0.07105369398465886,88.0,57.0,2244,,,,,,,,,,,,
139,2018,0.9715215622457283,0.5506916192026037,0.2750796178343949,0.24210138381728089,0.3881033642125792,0.32764952822399884,0.9715215622457283,0.24248578391551584,0.3881033642125792,1194,35,3730,0.4629780309194467,0.23688592839300582,0.31341228311759844,569,660,1833,0.5622457282343368,0.2750796178343949,0.3694199411921945,691,538,1821,0.323026851098454,0.2210467706013363,0.26247933884297514,397,832,1399,0.43368592351505286,0.23500881834215168,0.3048327137546468,533.0,696.0,1735,,,,,,,,,,,,,,,,,,
140,207038,0.9045092838196287,0.41909814323607425,0.08943089430894309,0.04700524721273852,0.1627684964200477,0.08359245696109216,0.3660477453580902,0.04781704781704782,0.08458473797119216,138,239,2748,0.3103448275862069,0.06100104275286757,0.1019607843137255,117,260,1801,0.0,0.0,0.0,0,377,1065,0.5145888594164456,0.036777251184834124,0.0686482661004954,194,183,5081,0.9045092838196287,0.08943089430894309,0.1627684964200477,341.0,36.0,3472,,,,,,,,,,,,,,,,,,
141,79073,0.7004680187207488,0.3619344773790951,0.16201117318435754,0.11211866148448517,0.25186729199235713,0.16897757891747434,0.24024960998439937,0.0790757381258023,0.11898783079003283,308,974,3587,0.27301092043681746,0.10842627013630732,0.15521064301552107,350,932,2878,0.24102964118564743,0.08892086330935252,0.1299138112255623,309,973,3166,0.28939157566302653,0.10924617196702002,0.1586147926464301,371,911,3025,0.22386895475819032,0.09859154929577464,0.1368948247078464,287.0,995.0,2624,0.7004680187207488,0.13855886437278198,0.23135385804457037,898.0,384.0,5583,0.5655226209048362,0.16201117318435754,0.25186729199235713,725.0,557.0,3750.0,,,,,,
142,77062,0.8258064516129032,0.46330645161290324,0.06870229007633588,0.056282497323705445,0.11336032388663968,0.09625001582106127,0.5290322580645161,0.04942736588306208,0.09040793825799337,164,146,3154,0.23225806451612904,0.06870229007633588,0.10603829160530191,72,238,976,0.8258064516129032,0.047424972211930344,0.08969866853538894,256,54,5142,0.23225806451612904,0.06837606837606838,0.10564930300807045,72,238,981,0.2,0.059558117195004805,0.0917838638045892,62.0,248.0,979,0.4645161290322581,0.045512010113780026,0.08290155440414508,144.0,166.0,3020,0.5870967741935483,0.06273698724577732,0.11336032388663968,182.0,128.0,2719.0,0.635483870967742,0.04852216748768473,0.09016018306636156,197.0,113.0,3863.0
143,306051,0.9400749063670412,0.7265917602996255,0.07688723205964586,0.06480077989568289,0.13675922088686282,0.11854478240029336,0.6179775280898876,0.07688723205964586,0.13675922088686282,165,102,1981,0.5205992509363296,0.05350269438029253,0.09703315881326352,139,128,2459,0.8951310861423221,0.06540777230432403,0.1219076766131089,239,28,3415,0.550561797752809,0.05773762765121759,0.10451475293281193,147,120,2399,0.8352059925093633,0.07318674105677715,0.13458056729028364,223.0,44.0,2824,0.9400749063670412,0.06208261192184022,0.11647331786542924,251.0,16.0,3792,,,,,,,,,,,,
144,134067,0.6032863849765259,0.49189581936060806,0.47111801242236023,0.4349854095439783,0.51115215229436,0.4597758172747149,0.5087189805499664,0.47111801242236023,0.48919703321509184,1517,1465,1703,0.42354124748490946,0.42439516129032256,0.42396777442094663,1263,1719,1713,0.46680080482897385,0.4030110017371164,0.43256681168427596,1392,1590,2062,0.5207914151576123,0.4123738714816782,0.460284528749259,1553,1429,2213,0.6032863849765259,0.4434311067291102,0.51115215229436,1799.0,1183.0,2258,0.42823608316566064,0.4555833036032822,0.4414866032843561,1277.0,1705.0,1526,,,,,,,,,,,,
145,347031,0.16666666666666666,0.08333333333333333,0.0007836990595611285,0.00038000047601710173,0.0015600624024960997,0.0007564818283795872,0.08333333333333333,0.0003237293622531564,0.0006449532408900355,1,11,3088,0.0,0.0,0.0,0,12,3687,0.16666666666666666,0.0007836990595611285,0.0015600624024960997,2,10,2550,0.08333333333333333,0.00032331070158422246,0.0006441223832528181,1,11,3092,0.08333333333333333,0.0004692632566870014,0.0009332711152589826,1.0,11.0,2130,,,,,,,,,,,,,,,,,,
146,123057,0.6666666666666666,0.2444444444444444,0.0025466893039049238,0.0009198237189602682,0.005073995771670191,0.0018327391215006788,0.1111111111111111,0.0003632401017072285,0.000724112961622013,1,8,2752,0.0,0.0,0.0,0,9,3375,0.6666666666666666,0.0025466893039049238,0.005073995771670191,6,3,2350,0.4444444444444444,0.0016891891891891893,0.0033655868742111907,4,5,2364,0.0,0.0,0.0,0.0,9.0,1891,,,,,,,,,,,,,,,,,,
147,189096,0.3311965811965812,0.2394349477682811,0.12718818380743982,0.10771319858418865,0.18379446640316205,0.14572480827521325,0.18162393162393162,0.08959943780744906,0.12,255,1149,2591,0.24287749287749288,0.10898050495365931,0.15045223913523054,341,1063,2788,0.10683760683760683,0.10281014393420151,0.10478519035976247,150,1254,1309,0.33048433048433046,0.1170534813319879,0.17287630402384502,464,940,3500,0.24358974358974358,0.10064743967039436,0.14244064972927944,342.0,1062.0,3056,0.3311965811965812,0.12718818380743982,0.18379446640316205,465.0,939.0,3191,,,,,,,,,,,,
148,223004,0.9310344827586207,0.9002998500749625,0.41223940820443844,0.24001718992218005,0.5691736304549674,0.36668431359317116,0.9220389805097451,0.33135775862068967,0.4875148632580262,615,52,1241,0.9220389805097451,0.2192513368983957,0.3542626728110599,615,52,2190,0.9190404797601199,0.41223940820443844,0.5691736304549674,613,54,874,0.8305847076461769,0.23746249464209174,0.3693333333333334,554,113,1779,0.8770614692653673,0.15073434681783046,0.25725593667546176,585.0,82.0,3296,0.9310344827586207,0.0890577943496343,0.162565445026178,621.0,46.0,6352,,,,,,,,,,,,
149,145059,0.6894679695982627,0.5637350705754615,0.193419740777667,0.15199781453807626,0.26511786812435945,0.23584601676569958,0.46796959826275786,0.1370429252782194,0.21200196753566158,431,490,2714,0.4212812160694897,0.193419740777667,0.26511786812435945,388,533,1618,0.6894679695982627,0.14709288858003244,0.24245895379916,635,286,3682,0.5993485342019544,0.14751469802244788,0.23675745228393735,552,369,3190,0.6406080347448425,0.13491882003201464,0.22289384208537968,590.0,331.0,3783,,,,,,,,,,,,,,,,,,
150,277053,0.9129438717067583,0.738602520045819,0.2055050774986638,0.1590999634532676,0.333261105092091,0.26168120357796576,0.722794959908362,0.15515121711335136,0.2554655870445344,631,242,3436,0.7434135166093929,0.16347607052896726,0.26801569275242615,649,224,3321,0.9129438717067583,0.18526266852626685,0.30801932367149754,797,76,3505,0.8808705612829324,0.2055050774986638,0.333261105092091,769,104,2973,0.4329896907216495,0.08610478359908884,0.1436443093292799,378.0,495.0,4012,,,,,,,,,,,,,,,,,,
151,81090,0.92,0.596,0.10370768404083826,0.07771362524441491,0.1786210087922258,0.13608469046146646,0.34,0.07303974221267455,0.12024756852343059,204,396,2589,0.6433333333333333,0.10370768404083826,0.1786210087922258,386,214,3336,0.3433333333333333,0.052072800808897875,0.09043020193151886,206,394,3750,0.92,0.0811764705882353,0.1491891891891892,552,48,6248,0.7333333333333333,0.07857142857142857,0.14193548387096772,440.0,160.0,5160,,,,,,,,,,,,,,,,,,
152,226022,0.12,0.078,0.009150991357397052,0.007841732916987424,0.017005196032120928,0.014160953655189013,0.07666666666666666,0.008496490579977835,0.015297638842700365,23,277,2684,0.02666666666666667,0.005124919923126201,0.00859752821063944,8,292,1553,0.07,0.007586705202312138,0.013689700130378096,21,279,2747,0.09666666666666666,0.008849557522123894,0.016214705060106235,29,271,3248,0.12,0.009150991357397052,0.017005196032120928,36.0,264.0,3898,,,,,,,,,,,,,,,,,,
153,335088,0.5057851239669422,0.4809917355371901,0.09640635798203179,0.0740441212659353,0.15947413546727635,0.1271958538830821,0.49421487603305786,0.07437810945273632,0.1292972972972973,299,306,3721,0.4727272727272727,0.053598200899550225,0.0962800875273523,286,319,5050,0.5057851239669422,0.05248713550600343,0.0951048951048951,306,299,5524,0.46115702479338844,0.09640635798203179,0.15947413546727635,279,326,2615,0.47107438016528924,0.09335080248935473,0.15582285401858936,285.0,320.0,2768,,,,,,,,,,,,,,,,,,
154,104010,0.26785714285714285,0.05357142857142857,0.0075681130171543895,0.0015136226034308778,0.014720314033366046,0.002944062806673209,0.0,0.0,0.0,0,56,3185,0.0,0.0,0.0,0,56,1752,0.0,0.0,0.0,0,56,4197,0.26785714285714285,0.0075681130171543895,0.014720314033366046,15,41,1967,0.0,0.0,0.0,0.0,56.0,4108,,,,,,,,,,,,,,,,,,
155,306052,0.5816326530612245,0.47755102040816333,0.16489874638379942,0.10688833907548556,0.25694966190833957,0.17377873132097157,0.4557823129251701,0.10205635948210205,0.1667703795892968,134,160,1179,0.41496598639455784,0.09084139985107967,0.14905314599877825,122,172,1221,0.47959183673469385,0.10491071428571429,0.17216117216117216,141,153,1203,0.4557823129251701,0.07173447537473233,0.12395929694727105,134,160,1734,0.5816326530612245,0.16489874638379942,0.25694966190833957,171.0,123.0,866,,,,,,,,,,,,,,,,,,
156,108004,0.5454545454545454,0.37272727272727274,0.012624584717607974,0.010110732512369646,0.02453195610071014,0.019579350938056496,0.29545454545454547,0.011926605504587157,0.02292768959435626,13,31,1077,0.29545454545454547,0.011274934952298352,0.02172096908939014,13,31,1140,0.29545454545454547,0.010030864197530864,0.019402985074626865,13,31,1283,0.5454545454545454,0.004696673189823875,0.009313154831199067,24,20,5086,0.4318181818181818,0.012624584717607974,0.02453195610071014,19.0,25.0,1486,,,,,,,,,,,,,,,,,,
157,289011,0.9444444444444444,0.7166666666666666,0.038288288288288286,0.020500435264178524,0.0735930735930736,0.039763727157053085,0.20833333333333334,0.0034924330616996507,0.0068697046027020835,15,57,4280,0.8333333333333334,0.026501766784452298,0.051369863013698634,60,12,2204,0.9444444444444444,0.02214983713355049,0.04328453214513049,68,4,3002,0.9444444444444444,0.038288288288288286,0.0735930735930736,68,4,1708,0.6527777777777778,0.012069851052901901,0.023701462430660614,47.0,25.0,3847,,,,,,,,,,,,,,,,,,
158,302022,1.0,0.9811320754716981,0.053515215110178385,0.03452945941669728,0.10139165009940358,0.06652785875822503,1.0,0.032595325953259535,0.0631328171530673,53,0,1573,0.9811320754716981,0.029936672423719057,0.05810055865921787,52,1,1685,0.9622641509433962,0.053515215110178385,0.10139165009940358,51,2,902,0.9811320754716981,0.030110017371163866,0.05842696629213482,52,1,1675,0.9811320754716981,0.026490066225165563,0.05158730158730159,52.0,1.0,1911,,,,,,,,,,,,,,,,,,
159,130014,1.0,0.6,0.003754106053496011,0.001887938957986441,0.00748013090229079,0.003763727487497465,1.0,0.003754106053496011,0.00748013090229079,8,0,2123,0.0,0.0,0.0,0,8,2027,1.0,0.0031746031746031746,0.006329113924050633,8,0,2512,1.0,0.0025109855618330196,0.005009392611145899,8,0,3178,0.0,0.0,0.0,0.0,8.0,3743,,,,,,,,,,,,,,,,,,
160,118015,0.7586633663366337,0.4282178217821782,0.1897543125980136,0.11415197878920731,0.26681367144432194,0.17630790560240078,0.17202970297029702,0.04375196726471514,0.06976160602258469,139,669,3038,0.3688118811881188,0.07368941641938674,0.12283594394064302,298,510,3746,0.39232673267326734,0.13093762907889303,0.19634561783834006,317,491,2104,0.44925742574257427,0.1897543125980136,0.26681367144432194,363,445,1550,0.7586633663366337,0.13262656858502814,0.22578268876611418,613.0,195.0,4009,,,,,,,,,,,,,,,,,,
161,243095,0.5056657223796034,0.4356940509915014,0.08127002621613749,0.06870206332863507,0.13481517274704033,0.1180112192940598,0.3951841359773371,0.08127002621613749,0.13481517274704033,279,427,3154,0.42776203966005666,0.07005335189051264,0.12039067171616502,302,404,4009,0.3810198300283286,0.07219538378958669,0.1213898916967509,269,437,3457,0.4688385269121813,0.06378878396608209,0.11229855810008481,331,375,4858,0.5056657223796034,0.05620277078085642,0.10116180221025785,357.0,349.0,5995,,,,,,,,,,,,,,,,,,
162,118072,0.9905660377358491,0.38522012578616355,0.02781456953642384,0.010536031415106275,0.05410976552434939,0.020487042725760147,0.08490566037735849,0.0034562211981566822,0.006642066420664207,9,97,2595,0.20754716981132076,0.006526253337288638,0.01265458728789186,22,84,3349,0.009433962264150943,0.0006657789613848203,0.0012437810945273634,1,105,1501,0.14150943396226415,0.005438723712835388,0.010474860335195532,15,91,2743,0.8773584905660378,0.019314641744548288,0.03779719569193253,93.0,13.0,4722,0.9905660377358491,0.02781456953642384,0.05410976552434939,105.0,1.0,3670,,,,,,,,,,,,
163,223060,0.9444444444444444,0.8975308641975309,0.23118766999093382,0.14844932647151624,0.3714493809176984,0.25234857825848306,0.9,0.1781524926686217,0.2974296205630355,243,27,1121,0.9259259259259259,0.15160703456640387,0.2605523710265763,250,20,1399,0.9148148148148149,0.13336933045356372,0.23279924599434496,247,23,1605,0.9444444444444444,0.23118766999093382,0.3714493809176984,255,15,848,0.7703703703703704,0.08087091757387248,0.14637579169598877,208.0,62.0,2364,0.9296296296296296,0.1155085135757018,0.20548505935325423,251.0,19.0,1922,,,,,,,,,,,,
164,344010,0.8576214405360134,0.7229480737018426,0.26432627774909656,0.18625565996426235,0.40410418310970797,0.29179648276212805,0.6298157453936348,0.23470661672908863,0.3419736243747158,376,221,1226,0.6482412060301508,0.10813076278290025,0.1853448275862069,387,210,3192,0.6415410385259631,0.10385032537960955,0.17876312718786463,383,214,3305,0.8375209380234506,0.22026431718061673,0.34879665155214507,500,97,1770,0.8576214405360134,0.26432627774909656,0.40410418310970797,512.0,85.0,1425,,,,,,,,,,,,,,,,,,
165,101084,0.9733879222108496,0.9198225861480726,0.44438902743142145,0.3512631182536043,0.5975855130784707,0.5020444662945425,0.9119754350051177,0.44438902743142145,0.5975855130784707,891,86,1114,0.9447287615148413,0.3702366626554352,0.5319884726224784,923,54,1570,0.9078812691914022,0.4312105007292173,0.5847066578773895,887,90,1170,0.9733879222108496,0.20420871805883617,0.3375931842385516,951,26,3706,0.8945752302968271,0.323943661971831,0.47564625850340136,874.0,103.0,1824,0.8863868986693961,0.33359013867488446,0.4847467114469633,866.0,111.0,1730,,,,,,,,,,,,
166,384022,0.966282165039929,0.40709849157054123,0.2960043490078826,0.1787836128441807,0.45318352059925093,0.24346135859939935,0.2511091393078971,0.13872549019607844,0.1787180296810862,283,844,1757,0.3007985803016859,0.14443971026842778,0.19516407599309155,339,788,2008,0.2626441881100266,0.14237614237614238,0.18465377417342485,296,831,1783,0.2546583850931677,0.17237237237237238,0.20558739255014324,287,840,1378,0.966282165039929,0.2960043490078826,0.45318352059925093,1089.0,38.0,2590,,,,,,,,,,,,,,,,,,
167,100007,0.0,0.0,0.0,0.0,0.0,0.0,0.0,0.0,0.0,0,0,1626,0.0,0.0,0.0,0,0,2062,0.0,0.0,0.0,0,0,3221,0.0,0.0,0.0,0,0,2660,0.0,0.0,0.0,0.0,0.0,3747,,,,,,,,,,,,,,,,,,
168,207049,0.7321428571428571,0.5255102040816327,0.040553907022749754,0.02397815306902884,0.07685098406747891,0.04577093783479824,0.4732142857142857,0.02013677811550152,0.038629737609329445,53,59,2579,0.6160714285714286,0.024373013069586717,0.046890927624872576,69,43,2762,0.5803571428571429,0.03412073490813648,0.06445215666831929,65,47,1840,0.0,0.0,0.0,0,112,1526,0.6339285714285714,0.02981940361192776,0.056959486562374644,71.0,41.0,2310,0.7321428571428571,0.040553907022749754,0.07685098406747891,82.0,30.0,1940,0.6428571428571429,0.01884323475529966,0.036613272311212815,72.0,40.0,3749.0,,,,,,
169,69007,0.49373433583959897,0.393796992481203,0.11193379790940766,0.09373726606733387,0.17563218390804597,0.15043968170987113,0.38847117794486213,0.08698092031425365,0.14213663457129758,310,488,3254,0.49373433583959897,0.0976456009913259,0.16304572729153735,394,404,3641,0.21929824561403508,0.0734985300293994,0.1100975149418056,175,623,2206,0.487468671679198,0.0941432720232333,0.15780933062880326,389,409,3743,0.32205513784461154,0.11193379790940766,0.16612798965740141,257.0,541.0,2039,0.41729323308270677,0.09964093357271095,0.16086956521739132,333.0,465.0,3009,0.47869674185463656,0.10754504504504504,0.17563218390804597,382.0,416.0,3170.0,0.3433583959899749,0.07851002865329514,0.12779850746268656,274.0,524.0,3216.0
170,41006,0.8571428571428571,0.7714285714285715,0.003949967083607637,0.0027587946463010528,0.007863695937090433,0.005495718123830525,0.7142857142857143,0.003067484662576687,0.006108735491753207,5,2,1625,0.8571428571428571,0.003949967083607637,0.007863695937090433,6,1,1513,0.7142857142857143,0.001402524544179523,0.002799552071668533,5,2,3560,0.8571428571428571,0.003898635477582846,0.007761966364812419,6,1,1533,0.7142857142857143,0.0014753614635585719,0.002944640753828033,5.0,2.0,3384,,,,,,,,,,,,,,,,,,
171,268074,0.5238095238095238,0.10476190476190476,0.0032640949554896144,0.0006528189910979229,0.006487761722205839,0.0012975523444411679,0.0,0.0,0.0,0,21,1666,0.0,0.0,0.0,0,21,5034,0.0,0.0,0.0,0,21,2632,0.0,0.0,0.0,0,21,1918,0.5238095238095238,0.0032640949554896144,0.006487761722205839,11.0,10.0,3359,,,,,,,,,,,,,,,,,,
172,268048,0.40329218106995884,0.3318930041152263,0.34295415959252973,0.19005370820717576,0.2588084561178732,0.21907764443659983,0.40329218106995884,0.15059546676911256,0.2193006993006993,392,580,2211,0.2911522633744856,0.20702267739575714,0.24198375374091494,283,689,1084,0.20781893004115226,0.34295415959252973,0.2588084561178732,202,770,387,0.389917695473251,0.12104758862983073,0.18474287106994883,379,593,2752,0.36728395061728397,0.12864864864864864,0.19055244195356283,357.0,615.0,2418,,,,,,,,,,,,,,,,,,
173,130066,0.2689075630252101,0.1411764705882353,0.013973799126637555,0.007121571832375202,0.026567040265670402,0.0135361422937822,0.11764705882352941,0.0061755624172915745,0.01173512154233026,14,105,2253,0.12605042016806722,0.004011767852366943,0.0077760497667185065,15,104,3724,0.10084033613445378,0.005412719891745603,0.010273972602739725,12,107,2205,0.09243697478991597,0.006034009873834339,0.01132852729145211,11,108,1812,0.2689075630252101,0.013973799126637555,0.026567040265670402,32.0,87.0,2258,,,,,,,,,,,,,,,,,,
174,71099,0.0,0.0,0.0,0.0,0.0,0.0,0.0,0.0,0.0,0,0,3965,0.0,0.0,0.0,0,0,2324,0.0,0.0,0.0,0,0,2767,0.0,0.0,0.0,0,0,4205,0.0,0.0,0.0,0.0,0.0,3873,,,,,,,,,,,,,,,,,,
175,23050,0.7740440324449595,0.7182309772112784,0.13142350856467808,0.12098269244201341,0.21437782076079948,0.20621323121432447,0.7450753186558516,0.11340388007054673,0.19684677789683147,643,220,5027,0.5156431054461182,0.13142350856467808,0.20946104965874324,445,418,2941,0.7566628041714948,0.11594460227272728,0.2010777521170131,653,210,4979,0.7740440324449595,0.12183111435345614,0.21052631578947367,668,195,4815,0.7705677867902665,0.12450851900393185,0.21437782076079948,665.0,198.0,4676,0.7473928157589803,0.11878453038674033,0.20498967106308597,645.0,218.0,4785,,,,,,,,,,,,
176,156054,1.0,0.6333333333333333,0.010208087946603848,0.006564625108423192,0.02017850213426465,0.012990609450704866,0.5333333333333333,0.006920415224913495,0.013663535439795047,16,14,2296,0.8666666666666667,0.010208087946603848,0.02017850213426465,26,4,2521,0.0,0.0,0.0,0,30,1604,1.0,0.008244023083264633,0.016353229762878167,30,0,3609,0.7666666666666667,0.007450599287333981,0.014757779916586462,23.0,7.0,3064,,,,,,,,,,,,,,,,,,
177,163004,0.8976377952755905,0.6377952755905512,0.044271844660194175,0.025131459197040733,0.0843819393042191,0.048195570398787316,0.6535433070866141,0.013237639553429027,0.02594966390495545,83,44,6187,0.44881889763779526,0.019621342512908778,0.037598944591029027,57,70,2848,0.6377952755905512,0.020255063765941484,0.03926320891904993,81,46,3918,0.5511811023622047,0.02827140549273021,0.05378409527468306,70,57,2406,0.8976377952755905,0.044271844660194175,0.0843819393042191,114.0,13.0,2461,,,,,,,,,,,,,,,,,,
178,346016,1.0,0.9878453038674033,0.11362209667294414,0.08353193532597004,0.2040586245772266,0.1533884689989443,1.0,0.11362209667294414,0.2040586245772266,181,0,1412,0.9779005524861878,0.06385281385281386,0.1198780900778869,177,4,2595,1.0,0.1013437849944009,0.1840366039654296,181,0,1605,0.9613259668508287,0.05771144278606965,0.10888610763454318,174,7,2841,1.0,0.0811295383236217,0.15008291873963517,181.0,0.0,2050,,,,,,,,,,,,,,,,,,
179,326085,0.8318318318318318,0.7963963963963964,0.203125,0.17441487416246698,0.3245192307692308,0.2852517049040464,0.8048048048048048,0.14068241469816273,0.2394995531724754,268,65,1637,0.8108108108108109,0.20285499624342598,0.3245192307692308,270,63,1061,0.7807807807807807,0.203125,0.3223806571605704,260,73,1020,0.8318318318318318,0.17767799871712636,0.2928118393234672,277,56,1282,0.7537537537537538,0.14773396115361978,0.2470472440944882,251.0,82.0,1448,,,,,,,,,,,,,,,,,,
180,100039,0.7,0.6200000000000001,0.04473438956197577,0.026229785299600607,0.08326105810928014,0.04970273489551014,0.6,0.02208927749654855,0.0426098535286285,48,32,2125,0.6875,0.010811873402791428,0.02128894910005806,55,25,5032,0.6,0.04473438956197577,0.08326105810928014,48,32,1025,0.5125,0.036574487065120426,0.06827643630308075,41,39,1080,0.7,0.01693889897156685,0.03307737743650325,56.0,24.0,3250,,,,,,,,,,,,,,,,,,
181,29030,1.0,0.7192982456140351,0.022296015180265655,0.01441928578229674,0.04341801385681293,0.028230364522009638,0.38596491228070173,0.012318029115341545,0.02387411828540423,22,35,1764,0.22807017543859648,0.004634581105169341,0.009084556254367574,13,44,2792,0.8245614035087719,0.022296015180265655,0.04341801385681293,47,10,2061,0.9473684210526315,0.015748031496062992,0.03098106712564544,54,3,3375,0.9298245614035088,0.015592821418064137,0.030671296296296294,53.0,4.0,3346,1.0,0.01592623637887678,0.03135313531353135,57.0,0.0,3522,,,,,,,,,,,,
182,33044,1.0,0.9892617449664429,0.1828358208955224,0.09320678051326223,0.30849947534102834,0.16734591026463652,0.9932885906040269,0.08356860530773574,0.15416666666666667,148,1,1623,0.9865771812080537,0.1828358208955224,0.30849947534102834,147,2,657,0.9865771812080537,0.06706204379562043,0.12558735583084152,147,2,2045,1.0,0.0645021645021645,0.12118747458316391,149,0,2161,0.9798657718120806,0.06806526806526807,0.12728857890148212,146.0,3.0,1999,,,,,,,,,,,,,,,,,,
183,103078,0.9488817891373802,0.8546325878594248,0.28516377649325625,0.20486184408240113,0.4067796610169491,0.32613566036657704,0.9249201277955271,0.18043004051106262,0.3019556714471968,579,47,2630,0.9488817891373802,0.20149253731343283,0.3324006715165081,594,32,2354,0.8514376996805112,0.1895448079658606,0.310063990692263,533,93,2279,0.8386581469648562,0.16767805812839348,0.2794783071599681,525,101,2606,0.7092651757188498,0.28516377649325625,0.4067796610169491,444.0,182.0,1113,,,,,,,,,,,,,,,,,,
184,117025,0.9799270072992701,0.8076642335766424,0.2193627450980392,0.1802485161733459,0.35847797062750336,0.2945679903280071,0.9799270072992701,0.2193627450980392,0.35847797062750336,537,11,1911,0.9708029197080292,0.2061216582719876,0.3400447427293065,532,16,2049,0.8193430656934306,0.1803937324226597,0.2956865327625947,449,99,2040,0.7828467153284672,0.1703056768558952,0.27975220084773395,429,119,2090,0.4854014598540146,0.12505876821814763,0.1988785046728972,266.0,282.0,1861,,,,,,,,,,,,,,,,,,
185,288024,0.5903614457831325,0.5052208835341365,0.12219873150105708,0.10422632293890144,0.19352568613652354,0.16927255115035322,0.2901606425702811,0.12219873150105708,0.1719726271942874,289,707,2076,0.5240963855421686,0.10961780764384713,0.18131295588746094,522,474,4240,0.5692771084337349,0.08570133010882709,0.14897530215449292,567,429,6049,0.5903614457831325,0.08629292632814793,0.1505761843790013,588,408,6226,0.5522088353413654,0.11732081911262798,0.19352568613652354,550.0,446.0,4138,,,,,,,,,,,,,,,,,,
186,388018,0.9623100303951367,0.6773252279635259,0.28363082281236396,0.22885890398800965,0.4176951434524763,0.3353153359778071,0.9623100303951367,0.18074902945878055,0.30433528789772185,1583,62,7175,0.4127659574468085,0.22160574412532638,0.28838394563601616,679,966,2385,0.79209726443769,0.28363082281236396,0.4176951434524763,1303,342,3291,0.45653495440729486,0.1765397273154678,0.2546194270215291,751,894,3503,0.7629179331306991,0.2817691962281096,0.411542875881292,1255.0,390.0,3199,,,,,,,,,,,,,,,,,,
187,48025,0.7903225806451613,0.3967741935483871,0.015231582219459123,0.006930655635132232,0.029887160719731628,0.013620392327250343,0.7903225806451613,0.015231582219459123,0.029887160719731628,49,13,3168,0.14516129032258066,0.0025936599423631124,0.0050962627406568525,9,53,3461,0.22580645161290322,0.003971631205673759,0.007805965988291051,14,48,3511,0.24193548387096775,0.00441956393635828,0.008680555555555556,15,47,3379,0.5806451612903226,0.00843684087180689,0.016632016632016633,36.0,26.0,4231,,,,,,,,,,,,,,,,,,
188,267036,0.3870967741935484,0.18709677419354837,0.004095962551199532,0.0018645217390504038,0.008045977011494253,0.003684355608077107,0.0,0.0,0.0,0,31,3778,0.1935483870967742,0.0012224938875305623,0.0024296416278598906,6,25,4902,0.22580645161290322,0.004095962551199532,0.008045977011494253,7,24,1702,0.12903225806451613,0.0008445945945945946,0.0016782043213761275,4,27,4732,0.3870967741935484,0.00315955766192733,0.006267955079655263,12.0,19.0,3786,,,,,,,,,,,,,,,,,,
189,41029,0.46677215189873417,0.3863396624472573,0.13246519982038618,0.09641175645498819,0.2063658621895768,0.1539285429346279,0.3022151898734177,0.07567353407290016,0.12103929024081116,191,441,2333,0.43670886075949367,0.09903121636167922,0.16145071658379642,276,356,2511,0.27531645569620256,0.061636556854410204,0.10072358900144718,174,458,2649,0.4477848101265823,0.12863636363636363,0.1998587570621469,283,349,1917,0.38924050632911394,0.08102766798418973,0.1341330425299891,246.0,386.0,2790,0.46677215189873417,0.13246519982038618,0.2063658621895768,295.0,337.0,1932,,,,,,,,,,,,
190,69000,0.43288590604026844,0.3899328859060403,0.16714422158548234,0.14702342796203957,0.23554473524041386,0.21327650500661316,0.38814317673378074,0.1486081370449679,0.21492722205017034,347,547,1988,0.39149888143176736,0.16714422158548234,0.23427041499330653,350,544,1744,0.38478747203579416,0.13955375253549696,0.2048228639476035,344,550,2121,0.43288590604026844,0.16178929765886288,0.23554473524041386,387,507,2005,0.3523489932885906,0.11802173098538779,0.1768172888015717,315.0,579.0,2354,,,,,,,,,,,,,,,,,,
191,196088,0.17557251908396945,0.16488549618320608,0.010136624063464082,0.0089011940823954,0.01916666666666667,0.01688314779689949,0.16793893129770993,0.009373668512995313,0.01775625504439064,22,109,2325,0.17557251908396945,0.008604564160119716,0.01640513552068474,23,108,2650,0.16030534351145037,0.007562117392870004,0.014442916093535077,21,110,2756,0.17557251908396945,0.010136624063464082,0.01916666666666667,23,108,2246,0.1450381679389313,0.008828996282527882,0.016644765659220323,19.0,112.0,2133,,,,,,,,,,,,,,,,,,
192,226043,0.8985355648535565,0.6700836820083682,0.14805239572561185,0.1257539637061075,0.25421722403077834,0.2111858607134145,0.4665271966527197,0.10841030627126884,0.17593688362919133,446,510,3668,0.46548117154811713,0.1068683957732949,0.173828125,445,511,3719,0.8985355648535565,0.14805239572561185,0.25421722403077834,859,97,4943,0.7269874476987448,0.12694063926940638,0.21614056911833304,695,261,4780,0.7928870292887029,0.1384980814909556,0.23580650178876966,758.0,198.0,4715,,,,,,,,,,,,,,,,,,
193,141048,0.0,0.0,0.0,0.0,0.0,0.0,0.0,0.0,0.0,0,0,1020,0.0,0.0,0.0,0,0,2503,0.0,0.0,0.0,0,0,2062,0.0,0.0,0.0,0,0,1762,0.0,0.0,0.0,0.0,0.0,1598,,,,,,,,,,,,,,,,,,
194,196062,0.0,0.0,0.0,0.0,0.0,0.0,0.0,0.0,0.0,0,0,2190,0.0,0.0,0.0,0,0,2635,0.0,0.0,0.0,0,0,2872,0.0,0.0,0.0,0,0,2351,0.0,0.0,0.0,0.0,0.0,2517,,,,,,,,,,,,,,,,,,
195,16004,0.8170914542728636,0.7130434782608696,0.23394833948339483,0.15717053403165196,0.3135509396636993,0.24961742632162628,0.7526236881559221,0.12331122574306068,0.21190375685943438,502,165,3569,0.4752623688155922,0.23394833948339483,0.3135509396636993,317,350,1038,0.8170914542728636,0.12244439451808582,0.21297381789761624,545,122,3906,0.7691154422788605,0.15400780546382467,0.25662831415707854,513,154,2818,0.7511244377811095,0.1521409049498937,0.25303030303030305,501.0,166.0,2792,,,,,,,,,,,,,,,,,,
196,71076,0.6503496503496503,0.49790209790209794,0.022682926829268292,0.01954734364507768,0.04383690784822059,0.03760269193601008,0.5034965034965035,0.018759770713913496,0.03617181612660135,72,71,3766,0.46153846153846156,0.020338983050847456,0.03896103896103896,66,77,3179,0.4755244755244755,0.017796388380005235,0.0343087790110999,68,75,3753,0.6503496503496503,0.022682926829268292,0.04383690784822059,93,50,4007,0.3986013986013986,0.018158649251353933,0.03473491773308958,57.0,86.0,3082,,,,,,,,,,,,,,,,,,
197,281017,0.8201438848920863,0.7597122302158273,0.2024866785079929,0.15797018102388205,0.3247863247863248,0.2606880093424306,0.7248201438848921,0.15253595760787284,0.25203252032520324,403,153,2239,0.7320143884892086,0.17029288702928871,0.27630685675492195,407,149,1983,0.7212230215827338,0.13644096631507316,0.22947067238912733,401,155,2538,0.8201438848920863,0.2024866785079929,0.3247863247863248,456,100,1796,0.8003597122302158,0.1280944156591825,0.2208436724565757,445.0,111.0,3029,,,,,,,,,,,,,,,,,,
198,105027,0.0,0.0,0.0,0.0,0.0,0.0,0.0,0.0,0.0,0,0,1747,0.0,0.0,0.0,0,0,2181,0.0,0.0,0.0,0,0,1901,0.0,0.0,0.0,0,0,1785,0.0,0.0,0.0,0.0,0.0,1735,,,,,,,,,,,,,,,,,,
199,159002,0.5284640171858217,0.439312567132116,0.296220633299285,0.1922115007682498,0.3637062668204536,0.2546377184842775,0.5080558539205156,0.2832335329341317,0.3637062668204536,473,458,1197,0.5134264232008593,0.15102685624012638,0.2333984375,478,453,2687,0.31149301825993553,0.296220633299285,0.3036649214659686,290,641,689,0.4672395273899033,0.09886363636363636,0.16319639842431063,435,496,3965,0.5284640171858217,0.23240434577231933,0.3228346456692914,492.0,439.0,1625,0.3071965628356606,0.09152,0.14102564102564105,286.0,645.0,2839,,,,,,,,,,,,
