,id,num_training_edges,num_edges,best_precision,mean_precision,best_recall,mean_recall,best_f1,mean_f1,annotator_0_precision,annotator_0_recall,annotator_0_f1,annotator_0_tp,annotator_0_fp,annotator_0_fn,annotator_1_precision,annotator_1_recall,annotator_1_f1,annotator_1_tp,annotator_1_fp,annotator_1_fn,annotator_2_precision,annotator_2_recall,annotator_2_f1,annotator_2_tp,annotator_2_fp,annotator_2_fn,annotator_3_precision,annotator_3_recall,annotator_3_f1,annotator_3_tp,annotator_3_fp,annotator_3_fn,annotator_4_precision,annotator_4_recall,annotator_4_f1,annotator_4_tp,annotator_4_fp,annotator_4_fn,annotator_5_precision,annotator_5_recall,annotator_5_f1,annotator_5_tp,annotator_5_fp,annotator_5_fn,annotator_6_precision,annotator_6_recall,annotator_6_f1,annotator_6_tp,annotator_6_fp,annotator_6_fn,annotator_7_precision,annotator_7_recall,annotator_7_f1,annotator_7_tp,annotator_7_fp,annotator_7_fn
0,average,0.0,2775.695,0.0,0.0,0.0,0.0,0.0,0.0,,,,,,,,,,,,,,,,,,,,,,,,,,,,,,,,,,,,,,,,,,,,,,,,
1,100007,0.0,1626.0,0.0,0.0,0.0,0.0,0.0,0.0,0.0,0.0,0.0,0.0,0.0,1626.0,0.0,0.0,0.0,0.0,0.0,2062.0,0.0,0.0,0.0,0.0,0.0,3221.0,0.0,0.0,0.0,0.0,0.0,2660.0,0.0,0.0,0.0,0.0,0.0,3747.0,,,,,,,,,,,,,,,,,,
2,100039,0.0,2177.0,0.0,0.0,0.0,0.0,0.0,0.0,0.0,0.0,0.0,0.0,0.0,2177.0,0.0,0.0,0.0,0.0,0.0,5094.0,0.0,0.0,0.0,0.0,0.0,1077.0,0.0,0.0,0.0,0.0,0.0,1123.0,0.0,0.0,0.0,0.0,0.0,3308.0,,,,,,,,,,,,,,,,,,
3,100099,0.0,1938.0,0.0,0.0,0.0,0.0,0.0,0.0,0.0,0.0,0.0,0.0,0.0,1938.0,0.0,0.0,0.0,0.0,0.0,2222.0,0.0,0.0,0.0,0.0,0.0,1510.0,0.0,0.0,0.0,0.0,0.0,1991.0,0.0,0.0,0.0,0.0,0.0,2014.0,,,,,,,,,,,,,,,,,,
4,10081,0.0,2680.0,0.0,0.0,0.0,0.0,0.0,0.0,0.0,0.0,0.0,0.0,0.0,2680.0,0.0,0.0,0.0,0.0,0.0,1644.0,0.0,0.0,0.0,0.0,0.0,1294.0,0.0,0.0,0.0,0.0,0.0,1779.0,0.0,0.0,0.0,0.0,0.0,2782.0,,,,,,,,,,,,,,,,,,
5,101027,0.0,2115.0,0.0,0.0,0.0,0.0,0.0,0.0,0.0,0.0,0.0,0.0,0.0,2115.0,0.0,0.0,0.0,0.0,0.0,2216.0,0.0,0.0,0.0,0.0,0.0,2045.0,0.0,0.0,0.0,0.0,0.0,2028.0,0.0,0.0,0.0,0.0,0.0,1989.0,,,,,,,,,,,,,,,,,,
6,101084,0.0,2153.0,0.0,0.0,0.0,0.0,0.0,0.0,0.0,0.0,0.0,0.0,0.0,2153.0,0.0,0.0,0.0,0.0,0.0,2652.0,0.0,0.0,0.0,0.0,0.0,2202.0,0.0,0.0,0.0,0.0,0.0,4872.0,0.0,0.0,0.0,0.0,0.0,2843.0,0.0,0.0,0.0,0.0,0.0,2738.0,,,,,,,,,,,,
7,102062,0.0,3677.0,0.0,0.0,0.0,0.0,0.0,0.0,0.0,0.0,0.0,0.0,0.0,3677.0,0.0,0.0,0.0,0.0,0.0,3318.0,0.0,0.0,0.0,0.0,0.0,1189.0,0.0,0.0,0.0,0.0,0.0,2176.0,0.0,0.0,0.0,0.0,0.0,4243.0,,,,,,,,,,,,,,,,,,
8,103006,0.0,1320.0,0.0,0.0,0.0,0.0,0.0,0.0,0.0,0.0,0.0,0.0,0.0,1320.0,0.0,0.0,0.0,0.0,0.0,1274.0,0.0,0.0,0.0,0.0,0.0,3266.0,0.0,0.0,0.0,0.0,0.0,1907.0,0.0,0.0,0.0,0.0,0.0,1547.0,,,,,,,,,,,,,,,,,,
9,103029,0.0,2604.0,0.0,0.0,0.0,0.0,0.0,0.0,0.0,0.0,0.0,0.0,0.0,2604.0,0.0,0.0,0.0,0.0,0.0,1383.0,0.0,0.0,0.0,0.0,0.0,2650.0,0.0,0.0,0.0,0.0,0.0,2061.0,0.0,0.0,0.0,0.0,0.0,1501.0,0.0,0.0,0.0,0.0,0.0,2625.0,0.0,0.0,0.0,0.0,0.0,1502.0,0.0,0.0,0.0,0.0,0.0,1742.0
10,103078,0.0,3274.0,0.0,0.0,0.0,0.0,0.0,0.0,0.0,0.0,0.0,0.0,0.0,3274.0,0.0,0.0,0.0,0.0,0.0,3010.0,0.0,0.0,0.0,0.0,0.0,2880.0,0.0,0.0,0.0,0.0,0.0,3196.0,0.0,0.0,0.0,0.0,0.0,1605.0,,,,,,,,,,,,,,,,,,
11,104010,0.0,3185.0,0.0,0.0,0.0,0.0,0.0,0.0,0.0,0.0,0.0,0.0,0.0,3185.0,0.0,0.0,0.0,0.0,0.0,1752.0,0.0,0.0,0.0,0.0,0.0,4197.0,0.0,0.0,0.0,0.0,0.0,1983.0,0.0,0.0,0.0,0.0,0.0,4108.0,,,,,,,,,,,,,,,,,,
12,104055,0.0,2297.0,0.0,0.0,0.0,0.0,0.0,0.0,0.0,0.0,0.0,0.0,0.0,2297.0,0.0,0.0,0.0,0.0,0.0,2215.0,0.0,0.0,0.0,0.0,0.0,2153.0,0.0,0.0,0.0,0.0,0.0,2587.0,0.0,0.0,0.0,0.0,0.0,1978.0,0.0,0.0,0.0,0.0,0.0,2184.0,,,,,,,,,,,,
13,105027,0.0,1747.0,0.0,0.0,0.0,0.0,0.0,0.0,0.0,0.0,0.0,0.0,0.0,1747.0,0.0,0.0,0.0,0.0,0.0,2181.0,0.0,0.0,0.0,0.0,0.0,1901.0,0.0,0.0,0.0,0.0,0.0,1785.0,0.0,0.0,0.0,0.0,0.0,1735.0,,,,,,,,,,,,,,,,,,
14,106005,0.0,1694.0,0.0,0.0,0.0,0.0,0.0,0.0,0.0,0.0,0.0,0.0,0.0,1694.0,0.0,0.0,0.0,0.0,0.0,1099.0,0.0,0.0,0.0,0.0,0.0,1102.0,0.0,0.0,0.0,0.0,0.0,1358.0,0.0,0.0,0.0,0.0,0.0,2171.0,,,,,,,,,,,,,,,,,,
15,106047,0.0,1676.0,0.0,0.0,0.0,0.0,0.0,0.0,0.0,0.0,0.0,0.0,0.0,1676.0,0.0,0.0,0.0,0.0,0.0,718.0,0.0,0.0,0.0,0.0,0.0,678.0,0.0,0.0,0.0,0.0,0.0,912.0,0.0,0.0,0.0,0.0,0.0,1438.0,,,,,,,,,,,,,,,,,,
16,107014,0.0,2602.0,0.0,0.0,0.0,0.0,0.0,0.0,0.0,0.0,0.0,0.0,0.0,2602.0,0.0,0.0,0.0,0.0,0.0,2985.0,0.0,0.0,0.0,0.0,0.0,2488.0,0.0,0.0,0.0,0.0,0.0,3722.0,0.0,0.0,0.0,0.0,0.0,3626.0,,,,,,,,,,,,,,,,,,
17,107045,0.0,2541.0,0.0,0.0,0.0,0.0,0.0,0.0,0.0,0.0,0.0,0.0,0.0,2541.0,0.0,0.0,0.0,0.0,0.0,2572.0,0.0,0.0,0.0,0.0,0.0,2769.0,0.0,0.0,0.0,0.0,0.0,4334.0,0.0,0.0,0.0,0.0,0.0,2483.0,,,,,,,,,,,,,,,,,,
18,107072,0.0,2854.0,0.0,0.0,0.0,0.0,0.0,0.0,0.0,0.0,0.0,0.0,0.0,2854.0,0.0,0.0,0.0,0.0,0.0,2266.0,0.0,0.0,0.0,0.0,0.0,4001.0,0.0,0.0,0.0,0.0,0.0,2512.0,0.0,0.0,0.0,0.0,0.0,2647.0,0.0,0.0,0.0,0.0,0.0,2687.0,0.0,0.0,0.0,0.0,0.0,2324.0,,,,,,
19,108004,0.0,1091.0,0.0,0.0,0.0,0.0,0.0,0.0,0.0,0.0,0.0,0.0,0.0,1091.0,0.0,0.0,0.0,0.0,0.0,1157.0,0.0,0.0,0.0,0.0,0.0,1299.0,0.0,0.0,0.0,0.0,0.0,5122.0,0.0,0.0,0.0,0.0,0.0,1507.0,,,,,,,,,,,,,,,,,,
20,108036,0.0,2772.0,0.0,0.0,0.0,0.0,0.0,0.0,0.0,0.0,0.0,0.0,0.0,2772.0,0.0,0.0,0.0,0.0,0.0,3176.0,0.0,0.0,0.0,0.0,0.0,2786.0,0.0,0.0,0.0,0.0,0.0,2746.0,0.0,0.0,0.0,0.0,0.0,2380.0,,,,,,,,,,,,,,,,,,
21,108069,0.0,798.0,0.0,0.0,0.0,0.0,0.0,0.0,0.0,0.0,0.0,0.0,0.0,798.0,0.0,0.0,0.0,0.0,0.0,806.0,0.0,0.0,0.0,0.0,0.0,1010.0,0.0,0.0,0.0,0.0,0.0,1000.0,0.0,0.0,0.0,0.0,0.0,1038.0,,,,,,,,,,,,,,,,,,
22,109055,0.0,1135.0,0.0,0.0,0.0,0.0,0.0,0.0,0.0,0.0,0.0,0.0,0.0,1135.0,0.0,0.0,0.0,0.0,0.0,2853.0,0.0,0.0,0.0,0.0,0.0,2168.0,0.0,0.0,0.0,0.0,0.0,1071.0,0.0,0.0,0.0,0.0,0.0,1572.0,,,,,,,,,,,,,,,,,,
23,112056,0.0,1626.0,0.0,0.0,0.0,0.0,0.0,0.0,0.0,0.0,0.0,0.0,0.0,1626.0,0.0,0.0,0.0,0.0,0.0,1599.0,0.0,0.0,0.0,0.0,0.0,2424.0,0.0,0.0,0.0,0.0,0.0,1589.0,0.0,0.0,0.0,0.0,0.0,1567.0,0.0,0.0,0.0,0.0,0.0,2297.0,,,,,,,,,,,,
24,112090,0.0,6824.0,0.0,0.0,0.0,0.0,0.0,0.0,0.0,0.0,0.0,0.0,0.0,6824.0,0.0,0.0,0.0,0.0,0.0,3485.0,0.0,0.0,0.0,0.0,0.0,3725.0,0.0,0.0,0.0,0.0,0.0,4026.0,,,,,,,,,,,,,,,,,,,,,,,,
25,117025,0.0,2512.0,0.0,0.0,0.0,0.0,0.0,0.0,0.0,0.0,0.0,0.0,0.0,2512.0,0.0,0.0,0.0,0.0,0.0,2659.0,0.0,0.0,0.0,0.0,0.0,2564.0,0.0,0.0,0.0,0.0,0.0,2591.0,0.0,0.0,0.0,0.0,0.0,2169.0,,,,,,,,,,,,,,,,,,
26,118015,0.0,3222.0,0.0,0.0,0.0,0.0,0.0,0.0,0.0,0.0,0.0,0.0,0.0,3222.0,0.0,0.0,0.0,0.0,0.0,4093.0,0.0,0.0,0.0,0.0,0.0,2501.0,0.0,0.0,0.0,0.0,0.0,1969.0,0.0,0.0,0.0,0.0,0.0,4717.0,,,,,,,,,,,,,,,,,,
27,118031,0.0,1776.0,0.0,0.0,0.0,0.0,0.0,0.0,0.0,0.0,0.0,0.0,0.0,1776.0,0.0,0.0,0.0,0.0,0.0,4908.0,0.0,0.0,0.0,0.0,0.0,1916.0,0.0,0.0,0.0,0.0,0.0,3254.0,0.0,0.0,0.0,0.0,0.0,2648.0,,,,,,,,,,,,,,,,,,
28,118072,0.0,2604.0,0.0,0.0,0.0,0.0,0.0,0.0,0.0,0.0,0.0,0.0,0.0,2604.0,0.0,0.0,0.0,0.0,0.0,3372.0,0.0,0.0,0.0,0.0,0.0,1504.0,0.0,0.0,0.0,0.0,0.0,2760.0,0.0,0.0,0.0,0.0,0.0,4850.0,0.0,0.0,0.0,0.0,0.0,3818.0,,,,,,,,,,,,
29,120003,0.0,5307.0,0.0,0.0,0.0,0.0,0.0,0.0,0.0,0.0,0.0,0.0,0.0,5307.0,0.0,0.0,0.0,0.0,0.0,5379.0,0.0,0.0,0.0,0.0,0.0,2509.0,0.0,0.0,0.0,0.0,0.0,5235.0,0.0,0.0,0.0,0.0,0.0,3911.0,0.0,0.0,0.0,0.0,0.0,3538.0,,,,,,,,,,,,
30,120093,0.0,2884.0,0.0,0.0,0.0,0.0,0.0,0.0,0.0,0.0,0.0,0.0,0.0,2884.0,0.0,0.0,0.0,0.0,0.0,4528.0,0.0,0.0,0.0,0.0,0.0,3787.0,0.0,0.0,0.0,0.0,0.0,3688.0,0.0,0.0,0.0,0.0,0.0,5966.0,,,,,,,,,,,,,,,,,,
31,123057,0.0,2753.0,0.0,0.0,0.0,0.0,0.0,0.0,0.0,0.0,0.0,0.0,0.0,2753.0,0.0,0.0,0.0,0.0,0.0,3375.0,0.0,0.0,0.0,0.0,0.0,2356.0,0.0,0.0,0.0,0.0,0.0,2369.0,0.0,0.0,0.0,0.0,0.0,1891.0,,,,,,,,,,,,,,,,,,
32,128035,0.0,4453.0,0.0,0.0,0.0,0.0,0.0,0.0,0.0,0.0,0.0,0.0,0.0,4453.0,0.0,0.0,0.0,0.0,0.0,3974.0,0.0,0.0,0.0,0.0,0.0,4231.0,0.0,0.0,0.0,0.0,0.0,3926.0,0.0,0.0,0.0,0.0,0.0,5845.0,,,,,,,,,,,,,,,,,,
33,130014,0.0,2135.0,0.0,0.0,0.0,0.0,0.0,0.0,0.0,0.0,0.0,0.0,0.0,2135.0,0.0,0.0,0.0,0.0,0.0,2027.0,0.0,0.0,0.0,0.0,0.0,2522.0,0.0,0.0,0.0,0.0,0.0,3187.0,0.0,0.0,0.0,0.0,0.0,3743.0,,,,,,,,,,,,,,,,,,
34,130066,0.0,2269.0,0.0,0.0,0.0,0.0,0.0,0.0,0.0,0.0,0.0,0.0,0.0,2269.0,0.0,0.0,0.0,0.0,0.0,3741.0,0.0,0.0,0.0,0.0,0.0,2217.0,0.0,0.0,0.0,0.0,0.0,1824.0,0.0,0.0,0.0,0.0,0.0,2298.0,,,,,,,,,,,,,,,,,,
35,134049,0.0,4196.0,0.0,0.0,0.0,0.0,0.0,0.0,0.0,0.0,0.0,0.0,0.0,4196.0,0.0,0.0,0.0,0.0,0.0,1682.0,0.0,0.0,0.0,0.0,0.0,9465.0,0.0,0.0,0.0,0.0,0.0,6799.0,0.0,0.0,0.0,0.0,0.0,2192.0,0.0,0.0,0.0,0.0,0.0,1926.0,,,,,,,,,,,,
36,134067,0.0,3430.0,0.0,0.0,0.0,0.0,0.0,0.0,0.0,0.0,0.0,0.0,0.0,3430.0,0.0,0.0,0.0,0.0,0.0,3148.0,0.0,0.0,0.0,0.0,0.0,3673.0,0.0,0.0,0.0,0.0,0.0,4006.0,0.0,0.0,0.0,0.0,0.0,4319.0,0.0,0.0,0.0,0.0,0.0,2965.0,,,,,,,,,,,,
37,140006,0.0,2160.0,0.0,0.0,0.0,0.0,0.0,0.0,0.0,0.0,0.0,0.0,0.0,2160.0,0.0,0.0,0.0,0.0,0.0,1976.0,0.0,0.0,0.0,0.0,0.0,1841.0,0.0,0.0,0.0,0.0,0.0,4202.0,0.0,0.0,0.0,0.0,0.0,5208.0,0.0,0.0,0.0,0.0,0.0,2372.0,,,,,,,,,,,,
38,140088,0.0,4138.0,0.0,0.0,0.0,0.0,0.0,0.0,0.0,0.0,0.0,0.0,0.0,4138.0,0.0,0.0,0.0,0.0,0.0,2813.0,0.0,0.0,0.0,0.0,0.0,3153.0,0.0,0.0,0.0,0.0,0.0,2696.0,0.0,0.0,0.0,0.0,0.0,4382.0,,,,,,,,,,,,,,,,,,
39,14085,0.0,1408.0,0.0,0.0,0.0,0.0,0.0,0.0,0.0,0.0,0.0,0.0,0.0,1408.0,0.0,0.0,0.0,0.0,0.0,2910.0,0.0,0.0,0.0,0.0,0.0,2883.0,0.0,0.0,0.0,0.0,0.0,1109.0,0.0,0.0,0.0,0.0,0.0,3532.0,,,,,,,,,,,,,,,,,,
40,14092,0.0,2740.0,0.0,0.0,0.0,0.0,0.0,0.0,0.0,0.0,0.0,0.0,0.0,2740.0,0.0,0.0,0.0,0.0,0.0,1959.0,0.0,0.0,0.0,0.0,0.0,2969.0,0.0,0.0,0.0,0.0,0.0,3142.0,0.0,0.0,0.0,0.0,0.0,2072.0,0.0,0.0,0.0,0.0,0.0,2542.0,,,,,,,,,,,,
41,141012,0.0,1015.0,0.0,0.0,0.0,0.0,0.0,0.0,0.0,0.0,0.0,0.0,0.0,1015.0,0.0,0.0,0.0,0.0,0.0,1249.0,0.0,0.0,0.0,0.0,0.0,946.0,0.0,0.0,0.0,0.0,0.0,1288.0,0.0,0.0,0.0,0.0,0.0,1707.0,,,,,,,,,,,,,,,,,,
42,141048,0.0,1020.0,0.0,0.0,0.0,0.0,0.0,0.0,0.0,0.0,0.0,0.0,0.0,1020.0,0.0,0.0,0.0,0.0,0.0,2503.0,0.0,0.0,0.0,0.0,0.0,2062.0,0.0,0.0,0.0,0.0,0.0,1762.0,0.0,0.0,0.0,0.0,0.0,1598.0,,,,,,,,,,,,,,,,,,
43,145059,0.0,3245.0,0.0,0.0,0.0,0.0,0.0,0.0,0.0,0.0,0.0,0.0,0.0,3245.0,0.0,0.0,0.0,0.0,0.0,2095.0,0.0,0.0,0.0,0.0,0.0,4436.0,0.0,0.0,0.0,0.0,0.0,3853.0,0.0,0.0,0.0,0.0,0.0,4525.0,,,,,,,,,,,,,,,,,,
44,145079,0.0,4895.0,0.0,0.0,0.0,0.0,0.0,0.0,0.0,0.0,0.0,0.0,0.0,4895.0,0.0,0.0,0.0,0.0,0.0,3160.0,0.0,0.0,0.0,0.0,0.0,1869.0,0.0,0.0,0.0,0.0,0.0,2779.0,0.0,0.0,0.0,0.0,0.0,3057.0,,,,,,,,,,,,,,,,,,
45,146074,0.0,3661.0,0.0,0.0,0.0,0.0,0.0,0.0,0.0,0.0,0.0,0.0,0.0,3661.0,0.0,0.0,0.0,0.0,0.0,5459.0,0.0,0.0,0.0,0.0,0.0,4620.0,0.0,0.0,0.0,0.0,0.0,4078.0,0.0,0.0,0.0,0.0,0.0,7305.0,,,,,,,,,,,,,,,,,,
46,147077,0.0,2234.0,0.0,0.0,0.0,0.0,0.0,0.0,0.0,0.0,0.0,0.0,0.0,2234.0,0.0,0.0,0.0,0.0,0.0,2588.0,0.0,0.0,0.0,0.0,0.0,3006.0,0.0,0.0,0.0,0.0,0.0,4013.0,0.0,0.0,0.0,0.0,0.0,2793.0,,,,,,,,,,,,,,,,,,
47,147080,0.0,3404.0,0.0,0.0,0.0,0.0,0.0,0.0,0.0,0.0,0.0,0.0,0.0,3404.0,0.0,0.0,0.0,0.0,0.0,4514.0,0.0,0.0,0.0,0.0,0.0,4662.0,0.0,0.0,0.0,0.0,0.0,3251.0,0.0,0.0,0.0,0.0,0.0,2215.0,,,,,,,,,,,,,,,,,,
48,15011,0.0,4687.0,0.0,0.0,0.0,0.0,0.0,0.0,0.0,0.0,0.0,0.0,0.0,4687.0,0.0,0.0,0.0,0.0,0.0,3339.0,0.0,0.0,0.0,0.0,0.0,3267.0,0.0,0.0,0.0,0.0,0.0,4702.0,0.0,0.0,0.0,0.0,0.0,4025.0,,,,,,,,,,,,,,,,,,
49,15062,0.0,2246.0,0.0,0.0,0.0,0.0,0.0,0.0,0.0,0.0,0.0,0.0,0.0,2246.0,0.0,0.0,0.0,0.0,0.0,1619.0,0.0,0.0,0.0,0.0,0.0,2678.0,0.0,0.0,0.0,0.0,0.0,3039.0,0.0,0.0,0.0,0.0,0.0,2454.0,0.0,0.0,0.0,0.0,0.0,3350.0,,,,,,,,,,,,
50,156054,0.0,2313.0,0.0,0.0,0.0,0.0,0.0,0.0,0.0,0.0,0.0,0.0,0.0,2313.0,0.0,0.0,0.0,0.0,0.0,2554.0,0.0,0.0,0.0,0.0,0.0,1604.0,0.0,0.0,0.0,0.0,0.0,3641.0,0.0,0.0,0.0,0.0,0.0,3087.0,,,,,,,,,,,,,,,,,,
51,157032,0.0,2069.0,0.0,0.0,0.0,0.0,0.0,0.0,0.0,0.0,0.0,0.0,0.0,2069.0,0.0,0.0,0.0,0.0,0.0,2241.0,0.0,0.0,0.0,0.0,0.0,2174.0,0.0,0.0,0.0,0.0,0.0,3674.0,0.0,0.0,0.0,0.0,0.0,3834.0,,,,,,,,,,,,,,,,,,
52,157087,0.0,3220.0,0.0,0.0,0.0,0.0,0.0,0.0,0.0,0.0,0.0,0.0,0.0,3220.0,0.0,0.0,0.0,0.0,0.0,3431.0,0.0,0.0,0.0,0.0,0.0,5413.0,0.0,0.0,0.0,0.0,0.0,5227.0,0.0,0.0,0.0,0.0,0.0,3110.0,,,,,,,,,,,,,,,,,,
53,159002,0.0,1722.0,0.0,0.0,0.0,0.0,0.0,0.0,0.0,0.0,0.0,0.0,0.0,1722.0,0.0,0.0,0.0,0.0,0.0,3228.0,0.0,0.0,0.0,0.0,0.0,996.0,0.0,0.0,0.0,0.0,0.0,4460.0,0.0,0.0,0.0,0.0,0.0,2166.0,0.0,0.0,0.0,0.0,0.0,3145.0,,,,,,,,,,,,
54,159022,0.0,1681.0,0.0,0.0,0.0,0.0,0.0,0.0,0.0,0.0,0.0,0.0,0.0,1681.0,0.0,0.0,0.0,0.0,0.0,1962.0,0.0,0.0,0.0,0.0,0.0,1390.0,0.0,0.0,0.0,0.0,0.0,1877.0,0.0,0.0,0.0,0.0,0.0,1805.0,,,,,,,,,,,,,,,,,,
55,160006,0.0,2702.0,0.0,0.0,0.0,0.0,0.0,0.0,0.0,0.0,0.0,0.0,0.0,2702.0,0.0,0.0,0.0,0.0,0.0,2150.0,0.0,0.0,0.0,0.0,0.0,3672.0,0.0,0.0,0.0,0.0,0.0,2711.0,0.0,0.0,0.0,0.0,0.0,2433.0,,,,,,,,,,,,,,,,,,
56,16004,0.0,4150.0,0.0,0.0,0.0,0.0,0.0,0.0,0.0,0.0,0.0,0.0,0.0,4150.0,0.0,0.0,0.0,0.0,0.0,1394.0,0.0,0.0,0.0,0.0,0.0,4546.0,0.0,0.0,0.0,0.0,0.0,3421.0,0.0,0.0,0.0,0.0,0.0,3370.0,,,,,,,,,,,,,,,,,,
57,160067,0.0,1601.0,0.0,0.0,0.0,0.0,0.0,0.0,0.0,0.0,0.0,0.0,0.0,1601.0,0.0,0.0,0.0,0.0,0.0,1502.0,0.0,0.0,0.0,0.0,0.0,1573.0,0.0,0.0,0.0,0.0,0.0,1563.0,0.0,0.0,0.0,0.0,0.0,1780.0,,,,,,,,,,,,,,,,,,
58,16068,0.0,1842.0,0.0,0.0,0.0,0.0,0.0,0.0,0.0,0.0,0.0,0.0,0.0,1842.0,0.0,0.0,0.0,0.0,0.0,1846.0,0.0,0.0,0.0,0.0,0.0,1824.0,0.0,0.0,0.0,0.0,0.0,1843.0,0.0,0.0,0.0,0.0,0.0,2447.0,0.0,0.0,0.0,0.0,0.0,2219.0,,,,,,,,,,,,
59,161045,0.0,1805.0,0.0,0.0,0.0,0.0,0.0,0.0,0.0,0.0,0.0,0.0,0.0,1805.0,0.0,0.0,0.0,0.0,0.0,1879.0,0.0,0.0,0.0,0.0,0.0,1718.0,0.0,0.0,0.0,0.0,0.0,1532.0,0.0,0.0,0.0,0.0,0.0,1201.0,0.0,0.0,0.0,0.0,0.0,2305.0,,,,,,,,,,,,
60,163004,0.0,6281.0,0.0,0.0,0.0,0.0,0.0,0.0,0.0,0.0,0.0,0.0,0.0,6281.0,0.0,0.0,0.0,0.0,0.0,2907.0,0.0,0.0,0.0,0.0,0.0,4008.0,0.0,0.0,0.0,0.0,0.0,2480.0,0.0,0.0,0.0,0.0,0.0,2585.0,,,,,,,,,,,,,,,,,,
61,163096,0.0,1686.0,0.0,0.0,0.0,0.0,0.0,0.0,0.0,0.0,0.0,0.0,0.0,1686.0,0.0,0.0,0.0,0.0,0.0,1942.0,0.0,0.0,0.0,0.0,0.0,2491.0,0.0,0.0,0.0,0.0,0.0,2640.0,0.0,0.0,0.0,0.0,0.0,2407.0,,,,,,,,,,,,,,,,,,
62,164046,0.0,999.0,0.0,0.0,0.0,0.0,0.0,0.0,0.0,0.0,0.0,0.0,0.0,999.0,0.0,0.0,0.0,0.0,0.0,1440.0,0.0,0.0,0.0,0.0,0.0,996.0,0.0,0.0,0.0,0.0,0.0,1265.0,0.0,0.0,0.0,0.0,0.0,1366.0,,,,,,,,,,,,,,,,,,
63,168084,0.0,1617.0,0.0,0.0,0.0,0.0,0.0,0.0,0.0,0.0,0.0,0.0,0.0,1617.0,0.0,0.0,0.0,0.0,0.0,1674.0,0.0,0.0,0.0,0.0,0.0,2319.0,0.0,0.0,0.0,0.0,0.0,2299.0,0.0,0.0,0.0,0.0,0.0,2270.0,0.0,0.0,0.0,0.0,0.0,2002.0,,,,,,,,,,,,
64,17067,0.0,3113.0,0.0,0.0,0.0,0.0,0.0,0.0,0.0,0.0,0.0,0.0,0.0,3113.0,0.0,0.0,0.0,0.0,0.0,2788.0,0.0,0.0,0.0,0.0,0.0,2851.0,0.0,0.0,0.0,0.0,0.0,3613.0,0.0,0.0,0.0,0.0,0.0,2756.0,,,,,,,,,,,,,,,,,,
65,175083,0.0,4039.0,0.0,0.0,0.0,0.0,0.0,0.0,0.0,0.0,0.0,0.0,0.0,4039.0,0.0,0.0,0.0,0.0,0.0,1929.0,0.0,0.0,0.0,0.0,0.0,2798.0,0.0,0.0,0.0,0.0,0.0,1846.0,0.0,0.0,0.0,0.0,0.0,2474.0,0.0,0.0,0.0,0.0,0.0,2483.0,,,,,,,,,,,,
66,176051,0.0,1282.0,0.0,0.0,0.0,0.0,0.0,0.0,0.0,0.0,0.0,0.0,0.0,1282.0,0.0,0.0,0.0,0.0,0.0,1267.0,0.0,0.0,0.0,0.0,0.0,1525.0,0.0,0.0,0.0,0.0,0.0,1582.0,0.0,0.0,0.0,0.0,0.0,3485.0,,,,,,,,,,,,,,,,,,
67,179084,0.0,3729.0,0.0,0.0,0.0,0.0,0.0,0.0,0.0,0.0,0.0,0.0,0.0,3729.0,0.0,0.0,0.0,0.0,0.0,2339.0,0.0,0.0,0.0,0.0,0.0,3622.0,0.0,0.0,0.0,0.0,0.0,3390.0,0.0,0.0,0.0,0.0,0.0,3026.0,,,,,,,,,,,,,,,,,,
68,181021,0.0,1417.0,0.0,0.0,0.0,0.0,0.0,0.0,0.0,0.0,0.0,0.0,0.0,1417.0,0.0,0.0,0.0,0.0,0.0,1421.0,0.0,0.0,0.0,0.0,0.0,1941.0,0.0,0.0,0.0,0.0,0.0,2358.0,0.0,0.0,0.0,0.0,0.0,2427.0,0.0,0.0,0.0,0.0,0.0,7594.0,,,,,,,,,,,,
69,183066,0.0,1855.0,0.0,0.0,0.0,0.0,0.0,0.0,0.0,0.0,0.0,0.0,0.0,1855.0,0.0,0.0,0.0,0.0,0.0,1747.0,0.0,0.0,0.0,0.0,0.0,1886.0,0.0,0.0,0.0,0.0,0.0,1137.0,0.0,0.0,0.0,0.0,0.0,2849.0,,,,,,,,,,,,,,,,,,
70,185092,0.0,2418.0,0.0,0.0,0.0,0.0,0.0,0.0,0.0,0.0,0.0,0.0,0.0,2418.0,0.0,0.0,0.0,0.0,0.0,2538.0,0.0,0.0,0.0,0.0,0.0,2206.0,0.0,0.0,0.0,0.0,0.0,2051.0,0.0,0.0,0.0,0.0,0.0,2695.0,0.0,0.0,0.0,0.0,0.0,2737.0,,,,,,,,,,,,
71,187058,0.0,2144.0,0.0,0.0,0.0,0.0,0.0,0.0,0.0,0.0,0.0,0.0,0.0,2144.0,0.0,0.0,0.0,0.0,0.0,3033.0,0.0,0.0,0.0,0.0,0.0,3109.0,0.0,0.0,0.0,0.0,0.0,2351.0,0.0,0.0,0.0,0.0,0.0,3355.0,,,,,,,,,,,,,,,,,,
72,187099,0.0,3970.0,0.0,0.0,0.0,0.0,0.0,0.0,0.0,0.0,0.0,0.0,0.0,3970.0,0.0,0.0,0.0,0.0,0.0,3539.0,0.0,0.0,0.0,0.0,0.0,2264.0,0.0,0.0,0.0,0.0,0.0,2724.0,0.0,0.0,0.0,0.0,0.0,4507.0,,,,,,,,,,,,,,,,,,
73,188025,0.0,4430.0,0.0,0.0,0.0,0.0,0.0,0.0,0.0,0.0,0.0,0.0,0.0,4430.0,0.0,0.0,0.0,0.0,0.0,3687.0,0.0,0.0,0.0,0.0,0.0,6356.0,0.0,0.0,0.0,0.0,0.0,3995.0,0.0,0.0,0.0,0.0,0.0,5783.0,,,,,,,,,,,,,,,,,,
74,189006,0.0,3565.0,0.0,0.0,0.0,0.0,0.0,0.0,0.0,0.0,0.0,0.0,0.0,3565.0,0.0,0.0,0.0,0.0,0.0,2785.0,0.0,0.0,0.0,0.0,0.0,3074.0,0.0,0.0,0.0,0.0,0.0,3582.0,0.0,0.0,0.0,0.0,0.0,3892.0,,,,,,,,,,,,,,,,,,
75,189013,0.0,3235.0,0.0,0.0,0.0,0.0,0.0,0.0,0.0,0.0,0.0,0.0,0.0,3235.0,0.0,0.0,0.0,0.0,0.0,3310.0,0.0,0.0,0.0,0.0,0.0,3673.0,0.0,0.0,0.0,0.0,0.0,2779.0,0.0,0.0,0.0,0.0,0.0,3242.0,,,,,,,,,,,,,,,,,,
76,189029,0.0,2852.0,0.0,0.0,0.0,0.0,0.0,0.0,0.0,0.0,0.0,0.0,0.0,2852.0,0.0,0.0,0.0,0.0,0.0,2694.0,0.0,0.0,0.0,0.0,0.0,2751.0,0.0,0.0,0.0,0.0,0.0,3345.0,0.0,0.0,0.0,0.0,0.0,2664.0,,,,,,,,,,,,,,,,,,
77,189096,0.0,2895.0,0.0,0.0,0.0,0.0,0.0,0.0,0.0,0.0,0.0,0.0,0.0,2895.0,0.0,0.0,0.0,0.0,0.0,3177.0,0.0,0.0,0.0,0.0,0.0,1482.0,0.0,0.0,0.0,0.0,0.0,4049.0,0.0,0.0,0.0,0.0,0.0,3457.0,0.0,0.0,0.0,0.0,0.0,3758.0,,,,,,,,,,,,
78,196027,0.0,3151.0,0.0,0.0,0.0,0.0,0.0,0.0,0.0,0.0,0.0,0.0,0.0,3151.0,0.0,0.0,0.0,0.0,0.0,2921.0,0.0,0.0,0.0,0.0,0.0,2755.0,0.0,0.0,0.0,0.0,0.0,2847.0,0.0,0.0,0.0,0.0,0.0,1638.0,,,,,,,,,,,,,,,,,,
79,196040,0.0,3615.0,0.0,0.0,0.0,0.0,0.0,0.0,0.0,0.0,0.0,0.0,0.0,3615.0,0.0,0.0,0.0,0.0,0.0,4683.0,0.0,0.0,0.0,0.0,0.0,4968.0,0.0,0.0,0.0,0.0,0.0,3336.0,0.0,0.0,0.0,0.0,0.0,1925.0,,,,,,,,,,,,,,,,,,
80,196062,0.0,2190.0,0.0,0.0,0.0,0.0,0.0,0.0,0.0,0.0,0.0,0.0,0.0,2190.0,0.0,0.0,0.0,0.0,0.0,2635.0,0.0,0.0,0.0,0.0,0.0,2872.0,0.0,0.0,0.0,0.0,0.0,2351.0,0.0,0.0,0.0,0.0,0.0,2517.0,,,,,,,,,,,,,,,,,,
81,196088,0.0,2351.0,0.0,0.0,0.0,0.0,0.0,0.0,0.0,0.0,0.0,0.0,0.0,2351.0,0.0,0.0,0.0,0.0,0.0,2684.0,0.0,0.0,0.0,0.0,0.0,2789.0,0.0,0.0,0.0,0.0,0.0,2278.0,0.0,0.0,0.0,0.0,0.0,2161.0,,,,,,,,,,,,,,,,,,
82,198087,0.0,3948.0,0.0,0.0,0.0,0.0,0.0,0.0,0.0,0.0,0.0,0.0,0.0,3948.0,0.0,0.0,0.0,0.0,0.0,2921.0,0.0,0.0,0.0,0.0,0.0,5187.0,0.0,0.0,0.0,0.0,0.0,5332.0,0.0,0.0,0.0,0.0,0.0,5340.0,0.0,0.0,0.0,0.0,0.0,4372.0,,,,,,,,,,,,
83,20069,0.0,2455.0,0.0,0.0,0.0,0.0,0.0,0.0,0.0,0.0,0.0,0.0,0.0,2455.0,0.0,0.0,0.0,0.0,0.0,2124.0,0.0,0.0,0.0,0.0,0.0,3629.0,0.0,0.0,0.0,0.0,0.0,2432.0,0.0,0.0,0.0,0.0,0.0,2473.0,0.0,0.0,0.0,0.0,0.0,4414.0,,,,,,,,,,,,
84,201080,0.0,1828.0,0.0,0.0,0.0,0.0,0.0,0.0,0.0,0.0,0.0,0.0,0.0,1828.0,0.0,0.0,0.0,0.0,0.0,1806.0,0.0,0.0,0.0,0.0,0.0,2740.0,0.0,0.0,0.0,0.0,0.0,3342.0,0.0,0.0,0.0,0.0,0.0,2658.0,0.0,0.0,0.0,0.0,0.0,3117.0,,,,,,,,,,,,
85,2018,0.0,5093.0,0.0,0.0,0.0,0.0,0.0,0.0,0.0,0.0,0.0,0.0,0.0,5093.0,0.0,0.0,0.0,0.0,0.0,2470.0,0.0,0.0,0.0,0.0,0.0,2595.0,0.0,0.0,0.0,0.0,0.0,1827.0,0.0,0.0,0.0,0.0,0.0,2333.0,,,,,,,,,,,,,,,,,,
86,202000,0.0,2149.0,0.0,0.0,0.0,0.0,0.0,0.0,0.0,0.0,0.0,0.0,0.0,2149.0,0.0,0.0,0.0,0.0,0.0,4437.0,0.0,0.0,0.0,0.0,0.0,2086.0,0.0,0.0,0.0,0.0,0.0,1976.0,0.0,0.0,0.0,0.0,0.0,3476.0,,,,,,,,,,,,,,,,,,
87,206062,0.0,4508.0,0.0,0.0,0.0,0.0,0.0,0.0,0.0,0.0,0.0,0.0,0.0,4508.0,0.0,0.0,0.0,0.0,0.0,3181.0,0.0,0.0,0.0,0.0,0.0,3307.0,0.0,0.0,0.0,0.0,0.0,4277.0,0.0,0.0,0.0,0.0,0.0,2770.0,,,,,,,,,,,,,,,,,,
88,206097,0.0,2497.0,0.0,0.0,0.0,0.0,0.0,0.0,0.0,0.0,0.0,0.0,0.0,2497.0,0.0,0.0,0.0,0.0,0.0,1281.0,0.0,0.0,0.0,0.0,0.0,2607.0,0.0,0.0,0.0,0.0,0.0,3811.0,0.0,0.0,0.0,0.0,0.0,2796.0,0.0,0.0,0.0,0.0,0.0,1908.0,,,,,,,,,,,,
89,207038,0.0,2891.0,0.0,0.0,0.0,0.0,0.0,0.0,0.0,0.0,0.0,0.0,0.0,2891.0,0.0,0.0,0.0,0.0,0.0,1924.0,0.0,0.0,0.0,0.0,0.0,1065.0,0.0,0.0,0.0,0.0,0.0,5307.0,0.0,0.0,0.0,0.0,0.0,3849.0,,,,,,,,,,,,,,,,,,
90,207049,0.0,2634.0,0.0,0.0,0.0,0.0,0.0,0.0,0.0,0.0,0.0,0.0,0.0,2634.0,0.0,0.0,0.0,0.0,0.0,2844.0,0.0,0.0,0.0,0.0,0.0,1915.0,0.0,0.0,0.0,0.0,0.0,1526.0,0.0,0.0,0.0,0.0,0.0,2395.0,0.0,0.0,0.0,0.0,0.0,2043.0,0.0,0.0,0.0,0.0,0.0,3838.0,,,,,,
91,208078,0.0,2413.0,0.0,0.0,0.0,0.0,0.0,0.0,0.0,0.0,0.0,0.0,0.0,2413.0,0.0,0.0,0.0,0.0,0.0,1662.0,0.0,0.0,0.0,0.0,0.0,2852.0,0.0,0.0,0.0,0.0,0.0,2210.0,0.0,0.0,0.0,0.0,0.0,1996.0,0.0,0.0,0.0,0.0,0.0,1670.0,0.0,0.0,0.0,0.0,0.0,2471.0,,,,,,
92,209021,0.0,863.0,0.0,0.0,0.0,0.0,0.0,0.0,0.0,0.0,0.0,0.0,0.0,863.0,0.0,0.0,0.0,0.0,0.0,2975.0,0.0,0.0,0.0,0.0,0.0,874.0,0.0,0.0,0.0,0.0,0.0,2681.0,0.0,0.0,0.0,0.0,0.0,2875.0,,,,,,,,,,,,,,,,,,
93,217013,0.0,3737.0,0.0,0.0,0.0,0.0,0.0,0.0,0.0,0.0,0.0,0.0,0.0,3737.0,0.0,0.0,0.0,0.0,0.0,3674.0,0.0,0.0,0.0,0.0,0.0,3280.0,0.0,0.0,0.0,0.0,0.0,2215.0,0.0,0.0,0.0,0.0,0.0,1888.0,0.0,0.0,0.0,0.0,0.0,2533.0,,,,,,,,,,,,
94,217090,0.0,2526.0,0.0,0.0,0.0,0.0,0.0,0.0,0.0,0.0,0.0,0.0,0.0,2526.0,0.0,0.0,0.0,0.0,0.0,2179.0,0.0,0.0,0.0,0.0,0.0,2307.0,0.0,0.0,0.0,0.0,0.0,2315.0,0.0,0.0,0.0,0.0,0.0,7747.0,,,,,,,,,,,,,,,,,,
95,220003,0.0,4318.0,0.0,0.0,0.0,0.0,0.0,0.0,0.0,0.0,0.0,0.0,0.0,4318.0,0.0,0.0,0.0,0.0,0.0,2606.0,0.0,0.0,0.0,0.0,0.0,4434.0,0.0,0.0,0.0,0.0,0.0,3422.0,0.0,0.0,0.0,0.0,0.0,2700.0,,,,,,,,,,,,,,,,,,
96,223004,0.0,1875.0,0.0,0.0,0.0,0.0,0.0,0.0,0.0,0.0,0.0,0.0,0.0,1875.0,0.0,0.0,0.0,0.0,0.0,2830.0,0.0,0.0,0.0,0.0,0.0,1509.0,0.0,0.0,0.0,0.0,0.0,2348.0,0.0,0.0,0.0,0.0,0.0,3912.0,0.0,0.0,0.0,0.0,0.0,7004.0,,,,,,,,,,,,
97,223060,0.0,1416.0,0.0,0.0,0.0,0.0,0.0,0.0,0.0,0.0,0.0,0.0,0.0,1416.0,0.0,0.0,0.0,0.0,0.0,1696.0,0.0,0.0,0.0,0.0,0.0,1898.0,0.0,0.0,0.0,0.0,0.0,1155.0,0.0,0.0,0.0,0.0,0.0,2607.0,0.0,0.0,0.0,0.0,0.0,2222.0,,,,,,,,,,,,
98,225022,0.0,2632.0,0.0,0.0,0.0,0.0,0.0,0.0,0.0,0.0,0.0,0.0,0.0,2632.0,0.0,0.0,0.0,0.0,0.0,2869.0,0.0,0.0,0.0,0.0,0.0,3824.0,0.0,0.0,0.0,0.0,0.0,2468.0,0.0,0.0,0.0,0.0,0.0,2586.0,,,,,,,,,,,,,,,,,,
99,226022,0.0,2718.0,0.0,0.0,0.0,0.0,0.0,0.0,0.0,0.0,0.0,0.0,0.0,2718.0,0.0,0.0,0.0,0.0,0.0,1562.0,0.0,0.0,0.0,0.0,0.0,2773.0,0.0,0.0,0.0,0.0,0.0,3287.0,0.0,0.0,0.0,0.0,0.0,3942.0,,,,,,,,,,,,,,,,,,
100,226033,0.0,3637.0,0.0,0.0,0.0,0.0,0.0,0.0,0.0,0.0,0.0,0.0,0.0,3637.0,0.0,0.0,0.0,0.0,0.0,4347.0,0.0,0.0,0.0,0.0,0.0,3244.0,0.0,0.0,0.0,0.0,0.0,3491.0,0.0,0.0,0.0,0.0,0.0,4038.0,,,,,,,,,,,,,,,,,,
101,226043,0.0,4199.0,0.0,0.0,0.0,0.0,0.0,0.0,0.0,0.0,0.0,0.0,0.0,4199.0,0.0,0.0,0.0,0.0,0.0,4246.0,0.0,0.0,0.0,0.0,0.0,5978.0,0.0,0.0,0.0,0.0,0.0,5642.0,0.0,0.0,0.0,0.0,0.0,5618.0,,,,,,,,,,,,,,,,,,
102,226060,0.0,3418.0,0.0,0.0,0.0,0.0,0.0,0.0,0.0,0.0,0.0,0.0,0.0,3418.0,0.0,0.0,0.0,0.0,0.0,3806.0,0.0,0.0,0.0,0.0,0.0,2861.0,0.0,0.0,0.0,0.0,0.0,5211.0,0.0,0.0,0.0,0.0,0.0,3951.0,0.0,0.0,0.0,0.0,0.0,5816.0,,,,,,,,,,,,
103,228076,0.0,1721.0,0.0,0.0,0.0,0.0,0.0,0.0,0.0,0.0,0.0,0.0,0.0,1721.0,0.0,0.0,0.0,0.0,0.0,2798.0,0.0,0.0,0.0,0.0,0.0,2446.0,0.0,0.0,0.0,0.0,0.0,2392.0,0.0,0.0,0.0,0.0,0.0,2291.0,,,,,,,,,,,,,,,,,,
104,230063,0.0,4884.0,0.0,0.0,0.0,0.0,0.0,0.0,0.0,0.0,0.0,0.0,0.0,4884.0,0.0,0.0,0.0,0.0,0.0,3811.0,0.0,0.0,0.0,0.0,0.0,3628.0,0.0,0.0,0.0,0.0,0.0,3528.0,0.0,0.0,0.0,0.0,0.0,4373.0,,,,,,,,,,,,,,,,,,
105,230098,0.0,2948.0,0.0,0.0,0.0,0.0,0.0,0.0,0.0,0.0,0.0,0.0,0.0,2948.0,0.0,0.0,0.0,0.0,0.0,2595.0,0.0,0.0,0.0,0.0,0.0,2898.0,0.0,0.0,0.0,0.0,0.0,3138.0,0.0,0.0,0.0,0.0,0.0,3215.0,,,,,,,,,,,,,,,,,,
106,23050,0.0,5738.0,0.0,0.0,0.0,0.0,0.0,0.0,0.0,0.0,0.0,0.0,0.0,5738.0,0.0,0.0,0.0,0.0,0.0,3441.0,0.0,0.0,0.0,0.0,0.0,5731.0,0.0,0.0,0.0,0.0,0.0,5565.0,0.0,0.0,0.0,0.0,0.0,5436.0,0.0,0.0,0.0,0.0,0.0,5517.0,,,,,,,,,,,,
107,232076,0.0,1723.0,0.0,0.0,0.0,0.0,0.0,0.0,0.0,0.0,0.0,0.0,0.0,1723.0,0.0,0.0,0.0,0.0,0.0,1851.0,0.0,0.0,0.0,0.0,0.0,1761.0,0.0,0.0,0.0,0.0,0.0,1293.0,0.0,0.0,0.0,0.0,0.0,1608.0,,,,,,,,,,,,,,,,,,
108,235098,0.0,3915.0,0.0,0.0,0.0,0.0,0.0,0.0,0.0,0.0,0.0,0.0,0.0,3915.0,0.0,0.0,0.0,0.0,0.0,4750.0,0.0,0.0,0.0,0.0,0.0,2540.0,0.0,0.0,0.0,0.0,0.0,3638.0,0.0,0.0,0.0,0.0,0.0,2713.0,,,,,,,,,,,,,,,,,,
109,238025,0.0,1901.0,0.0,0.0,0.0,0.0,0.0,0.0,0.0,0.0,0.0,0.0,0.0,1901.0,0.0,0.0,0.0,0.0,0.0,2802.0,0.0,0.0,0.0,0.0,0.0,1894.0,0.0,0.0,0.0,0.0,0.0,1754.0,0.0,0.0,0.0,0.0,0.0,2622.0,,,,,,,,,,,,,,,,,,
110,243095,0.0,3480.0,0.0,0.0,0.0,0.0,0.0,0.0,0.0,0.0,0.0,0.0,0.0,3480.0,0.0,0.0,0.0,0.0,0.0,4369.0,0.0,0.0,0.0,0.0,0.0,3760.0,0.0,0.0,0.0,0.0,0.0,5249.0,0.0,0.0,0.0,0.0,0.0,6468.0,,,,,,,,,,,,,,,,,,
111,246009,0.0,1308.0,0.0,0.0,0.0,0.0,0.0,0.0,0.0,0.0,0.0,0.0,0.0,1308.0,0.0,0.0,0.0,0.0,0.0,1427.0,0.0,0.0,0.0,0.0,0.0,1914.0,0.0,0.0,0.0,0.0,0.0,1440.0,0.0,0.0,0.0,0.0,0.0,1908.0,0.0,0.0,0.0,0.0,0.0,3081.0,,,,,,,,,,,,
112,247003,0.0,1548.0,0.0,0.0,0.0,0.0,0.0,0.0,0.0,0.0,0.0,0.0,0.0,1548.0,0.0,0.0,0.0,0.0,0.0,3217.0,0.0,0.0,0.0,0.0,0.0,2253.0,0.0,0.0,0.0,0.0,0.0,1298.0,0.0,0.0,0.0,0.0,0.0,2935.0,,,,,,,,,,,,,,,,,,
113,247012,0.0,2296.0,0.0,0.0,0.0,0.0,0.0,0.0,0.0,0.0,0.0,0.0,0.0,2296.0,0.0,0.0,0.0,0.0,0.0,2870.0,0.0,0.0,0.0,0.0,0.0,2645.0,0.0,0.0,0.0,0.0,0.0,2274.0,0.0,0.0,0.0,0.0,0.0,4121.0,,,,,,,,,,,,,,,,,,
114,249021,0.0,1706.0,0.0,0.0,0.0,0.0,0.0,0.0,0.0,0.0,0.0,0.0,0.0,1706.0,0.0,0.0,0.0,0.0,0.0,3562.0,0.0,0.0,0.0,0.0,0.0,2704.0,0.0,0.0,0.0,0.0,0.0,4682.0,0.0,0.0,0.0,0.0,0.0,3884.0,0.0,0.0,0.0,0.0,0.0,2368.0,,,,,,,,,,,,
115,250047,0.0,1378.0,0.0,0.0,0.0,0.0,0.0,0.0,0.0,0.0,0.0,0.0,0.0,1378.0,0.0,0.0,0.0,0.0,0.0,1137.0,0.0,0.0,0.0,0.0,0.0,1070.0,0.0,0.0,0.0,0.0,0.0,6791.0,0.0,0.0,0.0,0.0,0.0,2708.0,,,,,,,,,,,,,,,,,,
116,250087,0.0,3928.0,0.0,0.0,0.0,0.0,0.0,0.0,0.0,0.0,0.0,0.0,0.0,3928.0,0.0,0.0,0.0,0.0,0.0,2469.0,0.0,0.0,0.0,0.0,0.0,2805.0,0.0,0.0,0.0,0.0,0.0,3213.0,0.0,0.0,0.0,0.0,0.0,3070.0,,,,,,,,,,,,,,,,,,
117,253016,0.0,5291.0,0.0,0.0,0.0,0.0,0.0,0.0,0.0,0.0,0.0,0.0,0.0,5291.0,0.0,0.0,0.0,0.0,0.0,4316.0,0.0,0.0,0.0,0.0,0.0,6851.0,0.0,0.0,0.0,0.0,0.0,4100.0,0.0,0.0,0.0,0.0,0.0,4819.0,,,,,,,,,,,,,,,,,,
118,253092,0.0,1397.0,0.0,0.0,0.0,0.0,0.0,0.0,0.0,0.0,0.0,0.0,0.0,1397.0,0.0,0.0,0.0,0.0,0.0,1402.0,0.0,0.0,0.0,0.0,0.0,2764.0,0.0,0.0,0.0,0.0,0.0,1729.0,0.0,0.0,0.0,0.0,0.0,2338.0,,,,,,,,,,,,,,,,,,
119,257098,0.0,4730.0,0.0,0.0,0.0,0.0,0.0,0.0,0.0,0.0,0.0,0.0,0.0,4730.0,0.0,0.0,0.0,0.0,0.0,1724.0,0.0,0.0,0.0,0.0,0.0,1784.0,0.0,0.0,0.0,0.0,0.0,1630.0,0.0,0.0,0.0,0.0,0.0,2591.0,,,,,,,,,,,,,,,,,,
120,258089,0.0,5429.0,0.0,0.0,0.0,0.0,0.0,0.0,0.0,0.0,0.0,0.0,0.0,5429.0,0.0,0.0,0.0,0.0,0.0,2794.0,0.0,0.0,0.0,0.0,0.0,2637.0,0.0,0.0,0.0,0.0,0.0,5468.0,0.0,0.0,0.0,0.0,0.0,4971.0,,,,,,,,,,,,,,,,,,
121,259060,0.0,2388.0,0.0,0.0,0.0,0.0,0.0,0.0,0.0,0.0,0.0,0.0,0.0,2388.0,0.0,0.0,0.0,0.0,0.0,2849.0,0.0,0.0,0.0,0.0,0.0,2364.0,0.0,0.0,0.0,0.0,0.0,2793.0,0.0,0.0,0.0,0.0,0.0,5458.0,,,,,,,,,,,,,,,,,,
122,267036,0.0,3778.0,0.0,0.0,0.0,0.0,0.0,0.0,0.0,0.0,0.0,0.0,0.0,3778.0,0.0,0.0,0.0,0.0,0.0,4908.0,0.0,0.0,0.0,0.0,0.0,1712.0,0.0,0.0,0.0,0.0,0.0,4736.0,0.0,0.0,0.0,0.0,0.0,3806.0,,,,,,,,,,,,,,,,,,
123,268048,0.0,2653.0,0.0,0.0,0.0,0.0,0.0,0.0,0.0,0.0,0.0,0.0,0.0,2653.0,0.0,0.0,0.0,0.0,0.0,1417.0,0.0,0.0,0.0,0.0,0.0,626.0,0.0,0.0,0.0,0.0,0.0,3169.0,0.0,0.0,0.0,0.0,0.0,2817.0,,,,,,,,,,,,,,,,,,
124,268074,0.0,1666.0,0.0,0.0,0.0,0.0,0.0,0.0,0.0,0.0,0.0,0.0,0.0,1666.0,0.0,0.0,0.0,0.0,0.0,5034.0,0.0,0.0,0.0,0.0,0.0,2632.0,0.0,0.0,0.0,0.0,0.0,1918.0,0.0,0.0,0.0,0.0,0.0,3372.0,,,,,,,,,,,,,,,,,,
125,277053,0.0,4152.0,0.0,0.0,0.0,0.0,0.0,0.0,0.0,0.0,0.0,0.0,0.0,4152.0,0.0,0.0,0.0,0.0,0.0,4078.0,0.0,0.0,0.0,0.0,0.0,4457.0,0.0,0.0,0.0,0.0,0.0,3829.0,0.0,0.0,0.0,0.0,0.0,4458.0,,,,,,,,,,,,,,,,,,
126,279005,0.0,2023.0,0.0,0.0,0.0,0.0,0.0,0.0,0.0,0.0,0.0,0.0,0.0,2023.0,0.0,0.0,0.0,0.0,0.0,2230.0,0.0,0.0,0.0,0.0,0.0,2080.0,0.0,0.0,0.0,0.0,0.0,2245.0,0.0,0.0,0.0,0.0,0.0,2720.0,,,,,,,,,,,,,,,,,,
127,28083,0.0,2847.0,0.0,0.0,0.0,0.0,0.0,0.0,0.0,0.0,0.0,0.0,0.0,2847.0,0.0,0.0,0.0,0.0,0.0,2905.0,0.0,0.0,0.0,0.0,0.0,1652.0,0.0,0.0,0.0,0.0,0.0,2979.0,0.0,0.0,0.0,0.0,0.0,3426.0,0.0,0.0,0.0,0.0,0.0,2034.0,,,,,,,,,,,,
128,281017,0.0,2677.0,0.0,0.0,0.0,0.0,0.0,0.0,0.0,0.0,0.0,0.0,0.0,2677.0,0.0,0.0,0.0,0.0,0.0,2431.0,0.0,0.0,0.0,0.0,0.0,2972.0,0.0,0.0,0.0,0.0,0.0,2310.0,0.0,0.0,0.0,0.0,0.0,3535.0,,,,,,,,,,,,,,,,,,
129,285022,0.0,1378.0,0.0,0.0,0.0,0.0,0.0,0.0,0.0,0.0,0.0,0.0,0.0,1378.0,0.0,0.0,0.0,0.0,0.0,2876.0,0.0,0.0,0.0,0.0,0.0,2422.0,0.0,0.0,0.0,0.0,0.0,3232.0,0.0,0.0,0.0,0.0,0.0,3205.0,,,,,,,,,,,,,,,,,,
130,288024,0.0,2381.0,0.0,0.0,0.0,0.0,0.0,0.0,0.0,0.0,0.0,0.0,0.0,2381.0,0.0,0.0,0.0,0.0,0.0,4798.0,0.0,0.0,0.0,0.0,0.0,6687.0,0.0,0.0,0.0,0.0,0.0,6905.0,0.0,0.0,0.0,0.0,0.0,4734.0,,,,,,,,,,,,,,,,,,
131,289011,0.0,4306.0,0.0,0.0,0.0,0.0,0.0,0.0,0.0,0.0,0.0,0.0,0.0,4306.0,0.0,0.0,0.0,0.0,0.0,2293.0,0.0,0.0,0.0,0.0,0.0,3096.0,0.0,0.0,0.0,0.0,0.0,1822.0,0.0,0.0,0.0,0.0,0.0,3913.0,,,,,,,,,,,,,,,,,,
132,290035,0.0,3682.0,0.0,0.0,0.0,0.0,0.0,0.0,0.0,0.0,0.0,0.0,0.0,3682.0,0.0,0.0,0.0,0.0,0.0,2230.0,0.0,0.0,0.0,0.0,0.0,3404.0,0.0,0.0,0.0,0.0,0.0,4669.0,0.0,0.0,0.0,0.0,0.0,5191.0,,,,,,,,,,,,,,,,,,
133,29030,0.0,1793.0,0.0,0.0,0.0,0.0,0.0,0.0,0.0,0.0,0.0,0.0,0.0,1793.0,0.0,0.0,0.0,0.0,0.0,2812.0,0.0,0.0,0.0,0.0,0.0,2123.0,0.0,0.0,0.0,0.0,0.0,3442.0,0.0,0.0,0.0,0.0,0.0,3415.0,0.0,0.0,0.0,0.0,0.0,3602.0,,,,,,,,,,,,
134,296028,0.0,2421.0,0.0,0.0,0.0,0.0,0.0,0.0,0.0,0.0,0.0,0.0,0.0,2421.0,0.0,0.0,0.0,0.0,0.0,3539.0,0.0,0.0,0.0,0.0,0.0,2480.0,0.0,0.0,0.0,0.0,0.0,2318.0,0.0,0.0,0.0,0.0,0.0,2713.0,,,,,,,,,,,,,,,,,,
135,296058,0.0,2040.0,0.0,0.0,0.0,0.0,0.0,0.0,0.0,0.0,0.0,0.0,0.0,2040.0,0.0,0.0,0.0,0.0,0.0,2876.0,0.0,0.0,0.0,0.0,0.0,4090.0,0.0,0.0,0.0,0.0,0.0,3317.0,0.0,0.0,0.0,0.0,0.0,5377.0,,,,,,,,,,,,,,,,,,
136,302022,0.0,1646.0,0.0,0.0,0.0,0.0,0.0,0.0,0.0,0.0,0.0,0.0,0.0,1646.0,0.0,0.0,0.0,0.0,0.0,1755.0,0.0,0.0,0.0,0.0,0.0,968.0,0.0,0.0,0.0,0.0,0.0,1742.0,0.0,0.0,0.0,0.0,0.0,1981.0,,,,,,,,,,,,,,,,,,
137,306051,0.0,2167.0,0.0,0.0,0.0,0.0,0.0,0.0,0.0,0.0,0.0,0.0,0.0,2167.0,0.0,0.0,0.0,0.0,0.0,2624.0,0.0,0.0,0.0,0.0,0.0,3708.0,0.0,0.0,0.0,0.0,0.0,2570.0,0.0,0.0,0.0,0.0,0.0,3085.0,0.0,0.0,0.0,0.0,0.0,4083.0,,,,,,,,,,,,
138,306052,0.0,1313.0,0.0,0.0,0.0,0.0,0.0,0.0,0.0,0.0,0.0,0.0,0.0,1313.0,0.0,0.0,0.0,0.0,0.0,1347.0,0.0,0.0,0.0,0.0,0.0,1356.0,0.0,0.0,0.0,0.0,0.0,1865.0,0.0,0.0,0.0,0.0,0.0,1061.0,,,,,,,,,,,,,,,,,,
139,3063,0.0,992.0,0.0,0.0,0.0,0.0,0.0,0.0,0.0,0.0,0.0,0.0,0.0,992.0,0.0,0.0,0.0,0.0,0.0,991.0,0.0,0.0,0.0,0.0,0.0,1014.0,0.0,0.0,0.0,0.0,0.0,1239.0,0.0,0.0,0.0,0.0,0.0,3805.0,0.0,0.0,0.0,0.0,0.0,1197.0,,,,,,,,,,,,
140,309040,0.0,6024.0,0.0,0.0,0.0,0.0,0.0,0.0,0.0,0.0,0.0,0.0,0.0,6024.0,0.0,0.0,0.0,0.0,0.0,3234.0,0.0,0.0,0.0,0.0,0.0,5052.0,0.0,0.0,0.0,0.0,0.0,4929.0,0.0,0.0,0.0,0.0,0.0,5504.0,,,,,,,,,,,,,,,,,,
141,317043,0.0,1976.0,0.0,0.0,0.0,0.0,0.0,0.0,0.0,0.0,0.0,0.0,0.0,1976.0,0.0,0.0,0.0,0.0,0.0,1591.0,0.0,0.0,0.0,0.0,0.0,1533.0,0.0,0.0,0.0,0.0,0.0,1900.0,0.0,0.0,0.0,0.0,0.0,2432.0,,,,,,,,,,,,,,,,,,
142,326025,0.0,2509.0,0.0,0.0,0.0,0.0,0.0,0.0,0.0,0.0,0.0,0.0,0.0,2509.0,0.0,0.0,0.0,0.0,0.0,1959.0,0.0,0.0,0.0,0.0,0.0,3377.0,0.0,0.0,0.0,0.0,0.0,2374.0,0.0,0.0,0.0,0.0,0.0,1823.0,,,,,,,,,,,,,,,,,,
143,326085,0.0,1947.0,0.0,0.0,0.0,0.0,0.0,0.0,0.0,0.0,0.0,0.0,0.0,1947.0,0.0,0.0,0.0,0.0,0.0,1358.0,0.0,0.0,0.0,0.0,0.0,1312.0,0.0,0.0,0.0,0.0,0.0,1600.0,0.0,0.0,0.0,0.0,0.0,1736.0,,,,,,,,,,,,,,,,,,
144,33044,0.0,1801.0,0.0,0.0,0.0,0.0,0.0,0.0,0.0,0.0,0.0,0.0,0.0,1801.0,0.0,0.0,0.0,0.0,0.0,827.0,0.0,0.0,0.0,0.0,0.0,2223.0,0.0,0.0,0.0,0.0,0.0,2342.0,0.0,0.0,0.0,0.0,0.0,2176.0,,,,,,,,,,,,,,,,,,
145,334025,0.0,1580.0,0.0,0.0,0.0,0.0,0.0,0.0,0.0,0.0,0.0,0.0,0.0,1580.0,0.0,0.0,0.0,0.0,0.0,1379.0,0.0,0.0,0.0,0.0,0.0,1912.0,0.0,0.0,0.0,0.0,0.0,2083.0,0.0,0.0,0.0,0.0,0.0,4663.0,0.0,0.0,0.0,0.0,0.0,2307.0,,,,,,,,,,,,
146,335088,0.0,4078.0,0.0,0.0,0.0,0.0,0.0,0.0,0.0,0.0,0.0,0.0,0.0,4078.0,0.0,0.0,0.0,0.0,0.0,5384.0,0.0,0.0,0.0,0.0,0.0,5885.0,0.0,0.0,0.0,0.0,0.0,2927.0,0.0,0.0,0.0,0.0,0.0,3098.0,,,,,,,,,,,,,,,,,,
147,335094,0.0,2035.0,0.0,0.0,0.0,0.0,0.0,0.0,0.0,0.0,0.0,0.0,0.0,2035.0,0.0,0.0,0.0,0.0,0.0,7074.0,0.0,0.0,0.0,0.0,0.0,3384.0,0.0,0.0,0.0,0.0,0.0,4945.0,0.0,0.0,0.0,0.0,0.0,4673.0,,,,,,,,,,,,,,,,,,
148,344010,0.0,1636.0,0.0,0.0,0.0,0.0,0.0,0.0,0.0,0.0,0.0,0.0,0.0,1636.0,0.0,0.0,0.0,0.0,0.0,3630.0,0.0,0.0,0.0,0.0,0.0,3731.0,0.0,0.0,0.0,0.0,0.0,2321.0,0.0,0.0,0.0,0.0,0.0,1982.0,,,,,,,,,,,,,,,,,,
149,346016,0.0,1601.0,0.0,0.0,0.0,0.0,0.0,0.0,0.0,0.0,0.0,0.0,0.0,1601.0,0.0,0.0,0.0,0.0,0.0,2787.0,0.0,0.0,0.0,0.0,0.0,1796.0,0.0,0.0,0.0,0.0,0.0,3028.0,0.0,0.0,0.0,0.0,0.0,2242.0,,,,,,,,,,,,,,,,,,
150,347031,0.0,3090.0,0.0,0.0,0.0,0.0,0.0,0.0,0.0,0.0,0.0,0.0,0.0,3090.0,0.0,0.0,0.0,0.0,0.0,3687.0,0.0,0.0,0.0,0.0,0.0,2555.0,0.0,0.0,0.0,0.0,0.0,3094.0,0.0,0.0,0.0,0.0,0.0,2131.0,,,,,,,,,,,,,,,,,,
151,35028,0.0,2714.0,0.0,0.0,0.0,0.0,0.0,0.0,0.0,0.0,0.0,0.0,0.0,2714.0,0.0,0.0,0.0,0.0,0.0,3423.0,0.0,0.0,0.0,0.0,0.0,3214.0,0.0,0.0,0.0,0.0,0.0,2372.0,0.0,0.0,0.0,0.0,0.0,2463.0,,,,,,,,,,,,,,,,,,
152,35049,0.0,1963.0,0.0,0.0,0.0,0.0,0.0,0.0,0.0,0.0,0.0,0.0,0.0,1963.0,0.0,0.0,0.0,0.0,0.0,2144.0,0.0,0.0,0.0,0.0,0.0,2312.0,0.0,0.0,0.0,0.0,0.0,2867.0,0.0,0.0,0.0,0.0,0.0,2119.0,,,,,,,,,,,,,,,,,,
153,36046,0.0,2203.0,0.0,0.0,0.0,0.0,0.0,0.0,0.0,0.0,0.0,0.0,0.0,2203.0,0.0,0.0,0.0,0.0,0.0,2321.0,0.0,0.0,0.0,0.0,0.0,2265.0,0.0,0.0,0.0,0.0,0.0,2327.0,0.0,0.0,0.0,0.0,0.0,3371.0,0.0,0.0,0.0,0.0,0.0,2998.0,,,,,,,,,,,,
154,365072,0.0,3210.0,0.0,0.0,0.0,0.0,0.0,0.0,0.0,0.0,0.0,0.0,0.0,3210.0,0.0,0.0,0.0,0.0,0.0,2791.0,0.0,0.0,0.0,0.0,0.0,3782.0,0.0,0.0,0.0,0.0,0.0,3789.0,0.0,0.0,0.0,0.0,0.0,3694.0,0.0,0.0,0.0,0.0,0.0,5121.0,,,,,,,,,,,,
155,368037,0.0,2284.0,0.0,0.0,0.0,0.0,0.0,0.0,0.0,0.0,0.0,0.0,0.0,2284.0,0.0,0.0,0.0,0.0,0.0,3221.0,0.0,0.0,0.0,0.0,0.0,4439.0,0.0,0.0,0.0,0.0,0.0,3928.0,0.0,0.0,0.0,0.0,0.0,4450.0,0.0,0.0,0.0,0.0,0.0,4163.0,,,,,,,,,,,,
156,372019,0.0,1498.0,0.0,0.0,0.0,0.0,0.0,0.0,0.0,0.0,0.0,0.0,0.0,1498.0,0.0,0.0,0.0,0.0,0.0,2098.0,0.0,0.0,0.0,0.0,0.0,1706.0,0.0,0.0,0.0,0.0,0.0,2175.0,0.0,0.0,0.0,0.0,0.0,1667.0,,,,,,,,,,,,,,,,,,
157,376086,0.0,1683.0,0.0,0.0,0.0,0.0,0.0,0.0,0.0,0.0,0.0,0.0,0.0,1683.0,0.0,0.0,0.0,0.0,0.0,2808.0,0.0,0.0,0.0,0.0,0.0,1343.0,0.0,0.0,0.0,0.0,0.0,3243.0,0.0,0.0,0.0,0.0,0.0,1733.0,0.0,0.0,0.0,0.0,0.0,6928.0,,,,,,,,,,,,
158,384022,0.0,2060.0,0.0,0.0,0.0,0.0,0.0,0.0,0.0,0.0,0.0,0.0,0.0,2060.0,0.0,0.0,0.0,0.0,0.0,2382.0,0.0,0.0,0.0,0.0,0.0,2097.0,0.0,0.0,0.0,0.0,0.0,1788.0,0.0,0.0,0.0,0.0,0.0,3726.0,,,,,,,,,,,,,,,,,,
159,384089,0.0,2938.0,0.0,0.0,0.0,0.0,0.0,0.0,0.0,0.0,0.0,0.0,0.0,2938.0,0.0,0.0,0.0,0.0,0.0,3957.0,0.0,0.0,0.0,0.0,0.0,2604.0,0.0,0.0,0.0,0.0,0.0,4057.0,0.0,0.0,0.0,0.0,0.0,3517.0,,,,,,,,,,,,,,,,,,
160,385022,0.0,3477.0,0.0,0.0,0.0,0.0,0.0,0.0,0.0,0.0,0.0,0.0,0.0,3477.0,0.0,0.0,0.0,0.0,0.0,1842.0,0.0,0.0,0.0,0.0,0.0,2697.0,0.0,0.0,0.0,0.0,0.0,1627.0,0.0,0.0,0.0,0.0,0.0,2932.0,,,,,,,,,,,,,,,,,,
161,388006,0.0,1006.0,0.0,0.0,0.0,0.0,0.0,0.0,0.0,0.0,0.0,0.0,0.0,1006.0,0.0,0.0,0.0,0.0,0.0,2505.0,0.0,0.0,0.0,0.0,0.0,2295.0,0.0,0.0,0.0,0.0,0.0,2329.0,0.0,0.0,0.0,0.0,0.0,2125.0,,,,,,,,,,,,,,,,,,
162,388018,0.0,9061.0,0.0,0.0,0.0,0.0,0.0,0.0,0.0,0.0,0.0,0.0,0.0,9061.0,0.0,0.0,0.0,0.0,0.0,3167.0,0.0,0.0,0.0,0.0,0.0,4758.0,0.0,0.0,0.0,0.0,0.0,4394.0,0.0,0.0,0.0,0.0,0.0,4631.0,,,,,,,,,,,,,,,,,,
163,388067,0.0,5491.0,0.0,0.0,0.0,0.0,0.0,0.0,0.0,0.0,0.0,0.0,0.0,5491.0,0.0,0.0,0.0,0.0,0.0,4666.0,0.0,0.0,0.0,0.0,0.0,5155.0,0.0,0.0,0.0,0.0,0.0,4935.0,0.0,0.0,0.0,0.0,0.0,6935.0,,,,,,,,,,,,,,,,,,
164,393035,0.0,4593.0,0.0,0.0,0.0,0.0,0.0,0.0,0.0,0.0,0.0,0.0,0.0,4593.0,0.0,0.0,0.0,0.0,0.0,2789.0,0.0,0.0,0.0,0.0,0.0,4721.0,0.0,0.0,0.0,0.0,0.0,3319.0,0.0,0.0,0.0,0.0,0.0,2464.0,0.0,0.0,0.0,0.0,0.0,3380.0,,,,,,,,,,,,
165,41006,0.0,1634.0,0.0,0.0,0.0,0.0,0.0,0.0,0.0,0.0,0.0,0.0,0.0,1634.0,0.0,0.0,0.0,0.0,0.0,1520.0,0.0,0.0,0.0,0.0,0.0,3569.0,0.0,0.0,0.0,0.0,0.0,1541.0,0.0,0.0,0.0,0.0,0.0,3391.0,,,,,,,,,,,,,,,,,,
166,41029,0.0,2526.0,0.0,0.0,0.0,0.0,0.0,0.0,0.0,0.0,0.0,0.0,0.0,2526.0,0.0,0.0,0.0,0.0,0.0,2808.0,0.0,0.0,0.0,0.0,0.0,2820.0,0.0,0.0,0.0,0.0,0.0,2226.0,0.0,0.0,0.0,0.0,0.0,3029.0,0.0,0.0,0.0,0.0,0.0,2257.0,,,,,,,,,,,,
167,41085,0.0,4553.0,0.0,0.0,0.0,0.0,0.0,0.0,0.0,0.0,0.0,0.0,0.0,4553.0,0.0,0.0,0.0,0.0,0.0,1839.0,0.0,0.0,0.0,0.0,0.0,3040.0,0.0,0.0,0.0,0.0,0.0,2037.0,0.0,0.0,0.0,0.0,0.0,2855.0,,,,,,,,,,,,,,,,,,
168,41096,0.0,1183.0,0.0,0.0,0.0,0.0,0.0,0.0,0.0,0.0,0.0,0.0,0.0,1183.0,0.0,0.0,0.0,0.0,0.0,1342.0,0.0,0.0,0.0,0.0,0.0,1223.0,0.0,0.0,0.0,0.0,0.0,1152.0,0.0,0.0,0.0,0.0,0.0,1362.0,0.0,0.0,0.0,0.0,0.0,1166.0,,,,,,,,,,,,
169,43033,0.0,3537.0,0.0,0.0,0.0,0.0,0.0,0.0,0.0,0.0,0.0,0.0,0.0,3537.0,0.0,0.0,0.0,0.0,0.0,937.0,0.0,0.0,0.0,0.0,0.0,1435.0,0.0,0.0,0.0,0.0,0.0,549.0,0.0,0.0,0.0,0.0,0.0,1015.0,0.0,0.0,0.0,0.0,0.0,946.0,,,,,,,,,,,,
170,43051,0.0,888.0,0.0,0.0,0.0,0.0,0.0,0.0,0.0,0.0,0.0,0.0,0.0,888.0,0.0,0.0,0.0,0.0,0.0,937.0,0.0,0.0,0.0,0.0,0.0,942.0,0.0,0.0,0.0,0.0,0.0,1006.0,0.0,0.0,0.0,0.0,0.0,1364.0,,,,,,,,,,,,,,,,,,
171,45000,0.0,4668.0,0.0,0.0,0.0,0.0,0.0,0.0,0.0,0.0,0.0,0.0,0.0,4668.0,0.0,0.0,0.0,0.0,0.0,2812.0,0.0,0.0,0.0,0.0,0.0,2980.0,0.0,0.0,0.0,0.0,0.0,4962.0,0.0,0.0,0.0,0.0,0.0,4070.0,,,,,,,,,,,,,,,,,,
172,48017,0.0,929.0,0.0,0.0,0.0,0.0,0.0,0.0,0.0,0.0,0.0,0.0,0.0,929.0,0.0,0.0,0.0,0.0,0.0,970.0,0.0,0.0,0.0,0.0,0.0,2059.0,0.0,0.0,0.0,0.0,0.0,1744.0,0.0,0.0,0.0,0.0,0.0,1774.0,,,,,,,,,,,,,,,,,,
173,48025,0.0,3213.0,0.0,0.0,0.0,0.0,0.0,0.0,0.0,0.0,0.0,0.0,0.0,3213.0,0.0,0.0,0.0,0.0,0.0,3468.0,0.0,0.0,0.0,0.0,0.0,3522.0,0.0,0.0,0.0,0.0,0.0,3400.0,0.0,0.0,0.0,0.0,0.0,4267.0,,,,,,,,,,,,,,,,,,
174,49024,0.0,1881.0,0.0,0.0,0.0,0.0,0.0,0.0,0.0,0.0,0.0,0.0,0.0,1881.0,0.0,0.0,0.0,0.0,0.0,1469.0,0.0,0.0,0.0,0.0,0.0,1885.0,0.0,0.0,0.0,0.0,0.0,1913.0,0.0,0.0,0.0,0.0,0.0,1582.0,,,,,,,,,,,,,,,,,,
175,5096,0.0,4255.0,0.0,0.0,0.0,0.0,0.0,0.0,0.0,0.0,0.0,0.0,0.0,4255.0,0.0,0.0,0.0,0.0,0.0,3942.0,0.0,0.0,0.0,0.0,0.0,3863.0,0.0,0.0,0.0,0.0,0.0,4295.0,0.0,0.0,0.0,0.0,0.0,2943.0,,,,,,,,,,,,,,,,,,
176,51084,0.0,3544.0,0.0,0.0,0.0,0.0,0.0,0.0,0.0,0.0,0.0,0.0,0.0,3544.0,0.0,0.0,0.0,0.0,0.0,4346.0,0.0,0.0,0.0,0.0,0.0,4118.0,0.0,0.0,0.0,0.0,0.0,3951.0,0.0,0.0,0.0,0.0,0.0,4654.0,,,,,,,,,,,,,,,,,,
177,6046,0.0,3118.0,0.0,0.0,0.0,0.0,0.0,0.0,0.0,0.0,0.0,0.0,0.0,3118.0,0.0,0.0,0.0,0.0,0.0,3863.0,0.0,0.0,0.0,0.0,0.0,3103.0,0.0,0.0,0.0,0.0,0.0,2624.0,0.0,0.0,0.0,0.0,0.0,4327.0,,,,,,,,,,,,,,,,,,
178,61034,0.0,2465.0,0.0,0.0,0.0,0.0,0.0,0.0,0.0,0.0,0.0,0.0,0.0,2465.0,0.0,0.0,0.0,0.0,0.0,3074.0,0.0,0.0,0.0,0.0,0.0,3257.0,0.0,0.0,0.0,0.0,0.0,2573.0,0.0,0.0,0.0,0.0,0.0,5218.0,,,,,,,,,,,,,,,,,,
179,64061,0.0,4096.0,0.0,0.0,0.0,0.0,0.0,0.0,0.0,0.0,0.0,0.0,0.0,4096.0,0.0,0.0,0.0,0.0,0.0,2472.0,0.0,0.0,0.0,0.0,0.0,2777.0,0.0,0.0,0.0,0.0,0.0,2696.0,0.0,0.0,0.0,0.0,0.0,3660.0,,,,,,,,,,,,,,,,,,
180,65084,0.0,3891.0,0.0,0.0,0.0,0.0,0.0,0.0,0.0,0.0,0.0,0.0,0.0,3891.0,0.0,0.0,0.0,0.0,0.0,2352.0,0.0,0.0,0.0,0.0,0.0,4858.0,0.0,0.0,0.0,0.0,0.0,2388.0,0.0,0.0,0.0,0.0,0.0,3947.0,,,,,,,,,,,,,,,,,,
181,69000,0.0,2393.0,0.0,0.0,0.0,0.0,0.0,0.0,0.0,0.0,0.0,0.0,0.0,2393.0,0.0,0.0,0.0,0.0,0.0,2148.0,0.0,0.0,0.0,0.0,0.0,2523.0,0.0,0.0,0.0,0.0,0.0,2463.0,0.0,0.0,0.0,0.0,0.0,2728.0,,,,,,,,,,,,,,,,,,
182,69007,0.0,3584.0,0.0,0.0,0.0,0.0,0.0,0.0,0.0,0.0,0.0,0.0,0.0,3584.0,0.0,0.0,0.0,0.0,0.0,4070.0,0.0,0.0,0.0,0.0,0.0,2406.0,0.0,0.0,0.0,0.0,0.0,4182.0,0.0,0.0,0.0,0.0,0.0,2305.0,0.0,0.0,0.0,0.0,0.0,3367.0,0.0,0.0,0.0,0.0,0.0,3590.0,0.0,0.0,0.0,0.0,0.0,3518.0
183,69022,0.0,1348.0,0.0,0.0,0.0,0.0,0.0,0.0,0.0,0.0,0.0,0.0,0.0,1348.0,0.0,0.0,0.0,0.0,0.0,1396.0,0.0,0.0,0.0,0.0,0.0,2586.0,0.0,0.0,0.0,0.0,0.0,1386.0,0.0,0.0,0.0,0.0,0.0,1985.0,,,,,,,,,,,,,,,,,,
184,70011,0.0,781.0,0.0,0.0,0.0,0.0,0.0,0.0,0.0,0.0,0.0,0.0,0.0,781.0,0.0,0.0,0.0,0.0,0.0,6625.0,0.0,0.0,0.0,0.0,0.0,801.0,0.0,0.0,0.0,0.0,0.0,769.0,0.0,0.0,0.0,0.0,0.0,832.0,0.0,0.0,0.0,0.0,0.0,813.0,,,,,,,,,,,,
185,70090,0.0,1554.0,0.0,0.0,0.0,0.0,0.0,0.0,0.0,0.0,0.0,0.0,0.0,1554.0,0.0,0.0,0.0,0.0,0.0,1539.0,0.0,0.0,0.0,0.0,0.0,1674.0,0.0,0.0,0.0,0.0,0.0,1558.0,0.0,0.0,0.0,0.0,0.0,2135.0,0.0,0.0,0.0,0.0,0.0,1564.0,,,,,,,,,,,,
186,71076,0.0,3858.0,0.0,0.0,0.0,0.0,0.0,0.0,0.0,0.0,0.0,0.0,0.0,3858.0,0.0,0.0,0.0,0.0,0.0,3266.0,0.0,0.0,0.0,0.0,0.0,3837.0,0.0,0.0,0.0,0.0,0.0,4113.0,0.0,0.0,0.0,0.0,0.0,3149.0,,,,,,,,,,,,,,,,,,
187,71099,0.0,3965.0,0.0,0.0,0.0,0.0,0.0,0.0,0.0,0.0,0.0,0.0,0.0,3965.0,0.0,0.0,0.0,0.0,0.0,2324.0,0.0,0.0,0.0,0.0,0.0,2767.0,0.0,0.0,0.0,0.0,0.0,4205.0,0.0,0.0,0.0,0.0,0.0,3873.0,,,,,,,,,,,,,,,,,,
188,77062,0.0,3370.0,0.0,0.0,0.0,0.0,0.0,0.0,0.0,0.0,0.0,0.0,0.0,3370.0,0.0,0.0,0.0,0.0,0.0,1051.0,0.0,0.0,0.0,0.0,0.0,5501.0,0.0,0.0,0.0,0.0,0.0,1059.0,0.0,0.0,0.0,0.0,0.0,1046.0,0.0,0.0,0.0,0.0,0.0,3212.0,0.0,0.0,0.0,0.0,0.0,2948.0,0.0,0.0,0.0,0.0,0.0,4113.0
189,78098,0.0,2935.0,0.0,0.0,0.0,0.0,0.0,0.0,0.0,0.0,0.0,0.0,0.0,2935.0,0.0,0.0,0.0,0.0,0.0,3225.0,0.0,0.0,0.0,0.0,0.0,3355.0,0.0,0.0,0.0,0.0,0.0,3626.0,0.0,0.0,0.0,0.0,0.0,4023.0,0.0,0.0,0.0,0.0,0.0,3654.0,,,,,,,,,,,,
190,79073,0.0,3926.0,0.0,0.0,0.0,0.0,0.0,0.0,0.0,0.0,0.0,0.0,0.0,3926.0,0.0,0.0,0.0,0.0,0.0,3269.0,0.0,0.0,0.0,0.0,0.0,3505.0,0.0,0.0,0.0,0.0,0.0,3430.0,0.0,0.0,0.0,0.0,0.0,2942.0,0.0,0.0,0.0,0.0,0.0,6670.0,0.0,0.0,0.0,0.0,0.0,4557.0,,,,,,
191,80085,0.0,2793.0,0.0,0.0,0.0,0.0,0.0,0.0,0.0,0.0,0.0,0.0,0.0,2793.0,0.0,0.0,0.0,0.0,0.0,3026.0,0.0,0.0,0.0,0.0,0.0,2286.0,0.0,0.0,0.0,0.0,0.0,3014.0,0.0,0.0,0.0,0.0,0.0,2777.0,0.0,0.0,0.0,0.0,0.0,2067.0,,,,,,,,,,,,
192,80090,0.0,1731.0,0.0,0.0,0.0,0.0,0.0,0.0,0.0,0.0,0.0,0.0,0.0,1731.0,0.0,0.0,0.0,0.0,0.0,3007.0,0.0,0.0,0.0,0.0,0.0,3022.0,0.0,0.0,0.0,0.0,0.0,1819.0,0.0,0.0,0.0,0.0,0.0,2679.0,0.0,0.0,0.0,0.0,0.0,2143.0,,,,,,,,,,,,
193,8068,0.0,2243.0,0.0,0.0,0.0,0.0,0.0,0.0,0.0,0.0,0.0,0.0,0.0,2243.0,0.0,0.0,0.0,0.0,0.0,1204.0,0.0,0.0,0.0,0.0,0.0,2314.0,0.0,0.0,0.0,0.0,0.0,1900.0,0.0,0.0,0.0,0.0,0.0,1955.0,,,,,,,,,,,,,,,,,,
194,81066,0.0,2742.0,0.0,0.0,0.0,0.0,0.0,0.0,0.0,0.0,0.0,0.0,0.0,2742.0,0.0,0.0,0.0,0.0,0.0,2873.0,0.0,0.0,0.0,0.0,0.0,3134.0,0.0,0.0,0.0,0.0,0.0,2975.0,0.0,0.0,0.0,0.0,0.0,2913.0,,,,,,,,,,,,,,,,,,
195,81090,0.0,2830.0,0.0,0.0,0.0,0.0,0.0,0.0,0.0,0.0,0.0,0.0,0.0,2830.0,0.0,0.0,0.0,0.0,0.0,3808.0,0.0,0.0,0.0,0.0,0.0,4008.0,0.0,0.0,0.0,0.0,0.0,6938.0,0.0,0.0,0.0,0.0,0.0,5705.0,,,,,,,,,,,,,,,,,,
196,81095,0.0,4005.0,0.0,0.0,0.0,0.0,0.0,0.0,0.0,0.0,0.0,0.0,0.0,4005.0,0.0,0.0,0.0,0.0,0.0,2818.0,0.0,0.0,0.0,0.0,0.0,2835.0,0.0,0.0,0.0,0.0,0.0,2160.0,0.0,0.0,0.0,0.0,0.0,3239.0,,,,,,,,,,,,,,,,,,
197,87015,0.0,1663.0,0.0,0.0,0.0,0.0,0.0,0.0,0.0,0.0,0.0,0.0,0.0,1663.0,0.0,0.0,0.0,0.0,0.0,2046.0,0.0,0.0,0.0,0.0,0.0,1655.0,0.0,0.0,0.0,0.0,0.0,2398.0,0.0,0.0,0.0,0.0,0.0,2282.0,,,,,,,,,,,,,,,,,,
198,92014,0.0,4343.0,0.0,0.0,0.0,0.0,0.0,0.0,0.0,0.0,0.0,0.0,0.0,4343.0,0.0,0.0,0.0,0.0,0.0,2698.0,0.0,0.0,0.0,0.0,0.0,4237.0,0.0,0.0,0.0,0.0,0.0,3751.0,0.0,0.0,0.0,0.0,0.0,4316.0,,,,,,,,,,,,,,,,,,
199,94095,0.0,4565.0,0.0,0.0,0.0,0.0,0.0,0.0,0.0,0.0,0.0,0.0,0.0,4565.0,0.0,0.0,0.0,0.0,0.0,4183.0,0.0,0.0,0.0,0.0,0.0,1675.0,0.0,0.0,0.0,0.0,0.0,4564.0,0.0,0.0,0.0,0.0,0.0,2914.0,,,,,,,,,,,,,,,,,,
200,97010,0.0,1553.0,0.0,0.0,0.0,0.0,0.0,0.0,0.0,0.0,0.0,0.0,0.0,1553.0,0.0,0.0,0.0,0.0,0.0,2573.0,0.0,0.0,0.0,0.0,0.0,2735.0,0.0,0.0,0.0,0.0,0.0,2101.0,0.0,0.0,0.0,0.0,0.0,2464.0,,,,,,,,,,,,,,,,,,
